Name,Number,Position,Height,Weight,Academic Year,Hometown,Highschool,Year
Nick Toon,1,WR,"6'3""",,R-Jr.,"Middleton, Wis.",Middleton,2010
Jay Valai,2,DB,"5'9""",,R-Sr.,"Euless, Texas",Colleyville Heritage,2010
Kyle Jefferson,3,WR,"6'4""",,Sr.,"Cleveland, Ohio",Glenville,2010
Jameson Wright,3,DB,"6'1""",,Fr.,"Fort Pierce, Fla.",,2010
Jared Abbrederis,4,WR,"6'2""",,R-Fr.,"Wautoma, Wis.",Wautoma,2010
Jon Budmayr,5,QB,"6'0""",,R-Fr.,"Woodstock, Ill",Marian Central Catholic,2010
Andrew Lukasko,5,DB,"5'10""",,R-Jr.,"Edgar, Wis.",Edgar,2010
Isaac Anderson,6,WR,"5'10""",,R-Sr.,"Minneapolis, Minn.",The Blake School,2010
Aaron Henry,7,DB,"6'0""",,R-Jr.,"Immokalee, Fla.",Immokalee,2010
Isaiah Williams,8,WR,"6'1""",,Fr.,"Miami, Fla.",Monsignor Edward Pace,2010
Blake Sorensen,9,LB,"6'1""",,Sr.,"Eden Prairie, Minn.",Eden Prairie,2010
Curt Phillips,10,QB,"6'3""",,R-So.,"Kingsport, Tenn.",Sullivan South,2010
Devin Smith,10,DB,"5'11""",,Jr.,"Coppell, Texas",Coppell,2010
Joe Brennan,11,QB,"6'3""",,Fr.,"Audubon, N.J.",,2010
David Gilbert,11,DL,"6'4""",,So.,"Coral Springs, Fla.",Northeast,2010
Dezmen Southward,12,DB,"6'2""",,R-Fr.,"Sunrise, Fla.",St. Thomas Aquinas,2010
Nate Tice,12,QB,"6'5""",,R-Jr.,"Edina, Minn.",Edina,2010
Conor O'Neill,13,DB,"6'0""",,R-Fr.,"Delray Beach,                                                            Fla.",,2010
Zach Schmidt,13,WR,"5'11""",,Fr.,"Oshkosh, Wis.",,2010
Marcus Cromartie,14,DB,"6'1""",,R-So.,"Mansfield, Texas",Timberview,2010
Drew McAdams,14,QB,"6'0""",,Fr.,"Madison, Wis.",,2010
Jeff Duckworth,15,WR,"6'0""",,R-Fr.,"Cincinnati, Ohio",Princeton,2010
Culmer St. Jean,15,LB,"6'0""",,R-Sr.,"Naples, Fla.",Lely,2010
Chukwuma Offor,16,WR,"6'0""",,R-Jr.,"Madison, Wis.",LaFollette,2010
Scott Tolzien,16,QB,"6'3""",,R-Sr.,"Rolling Meadows, Ill.",Palatine Fremd,2010
A.J. Fenton,17,LB,"6'1""",,R-Fr.,"Erie, Pa.",McDowell,2010
Connor Moutvic,17,WR,"6'0""",,Fr.,"Lake Forest, Ill.",,2010
Philip Welch,18,K,"6'3""",,R-Jr.,"Fort Collins, Colo.",Fort Collins,2010
Manasseh Garner,19,WR,"6'2""",,Fr.,"Pittsburgh, Pa.",,2010
James White,20,RB,"5'10""",,Fr.,"Fort Lauderdale, Fla.",St. Thomas Aquinas,2010
Peniel Jean,21,DB,"5'11""",,Fr.,"West Palm Beach, Fla.",Palm Beach Central,2010
Darius Feaster,22,DB,"5'11""",,R-Fr.,"Mequon, Wis.",Homestead,2010
Jeffrey Lewis,22,RB,"6'2""",,Fr.,"Brookfield, Wis.",Central,2010
Jerry Ponio,23,DB,"6'1""",,R-Fr.,"Chicago, Ill.",St. Rita,2010
Shelton Johnson,24,DB,"6'0""",,R-So.,"Carrollton, Texas",Hebron,2010
Adam Hampton,25,DB,"5'11""",,R-Jr.,"Lancaster, Wis.",Lancaster,2010
Antonio Fenelus,26,DB,"5'9""",,Jr.,"Boca Raton, Fla.",Boca Raton,2010
Kyle Zuleger,27,RB,"5'11""",,R-Fr.,"Appleton, Wis.",East,2010
Montee Ball,28,RB,"5'11""",,So.,"Wentzville, Mo.",Timberland,2010
Coddye Ring-Noonan,28,LB,"5'10""",,R-So.,"Madison, Wis.",East,2010
Niles Brinkley,29,DB,"5'10""",,R-Sr.,"St. Louis, Mo.",Beaumont,2010
Zach Brown,30,RB,"5'10""",,Sr.,"Royal Palm, Fla.",Royal Palm Beach,2010
Connor Cummins,31,WR,"6'1""",,Fr.,"Kettering, Ohio",Archbishop Alter,2010
Josh Peprah,31,DB,"5'11""",,R-Fr.,"McKinney, Texas",Plano East,2010
John Clay,32,RB,"6'1""",,R-Jr.,"Racine, Wis.",Washington Park,2010
Bradie Ewing,34,RB,"6'0""",,Jr.,"Richland Center, Wis.",Richland Center,2010
Ethan Armstrong,36,LB,"6'2""",,R-Fr.,"Ottawa, Ill.",Ottawa Township,2010
Kevin Claxton,37,LB,"6'1""",,Jr.,"Ft. Lauderdale, Fla.",Boyd Anderson,2010
Cameron Ontko,38,LB,"5'11""",,Fr.,"Seven Hills, Ohio",,2010
Konrad Zagzebski,39,DL,"6'3""",,Fr.,"Weston, Wis.",D.C. Everest,2010
Kevin Rouse,41,LB,"6'0""",,R-Jr.,"Yorkville, Ill.",Joliet Catholic Academy,2010
Cody Byers,42,LB,"6'2""",,Fr.,"Centerville, Ohio",Archbishop Alter,2010
Jason Hengel,42,FB,"6'2""",,Fr.,"La Crosse, Wis.",,2010
Michael Trotter,43,DB,"6'0""",,Fr.,"Racine, Wis.",Marquette,2010
Chris Borland,44,LB,"5'11""",,So.,"Kettering, Ohio",Archbishop Alter,2010
Warren Herring,45,DL,"6'3""",,Fr.,"Fairview Heights, Ill.",Belleville East,2010
Zach Davison,46,TE,"6'4""",,R-So.,"Waukee, Iowa",Waukee,2010
Willie Resop,46,LB,"6'1""",,Fr.,"Appleton, Wis.",,2010
Frank Tamakloe,47,DB,"6'3""",,Fr.,Washington D.C.,,2010
Jacob Pedersen,48,TE,"6'4""",,R-Fr.,"Menominee, Mich.",Menominee,2010
Brian Wozniak,49,TE,"6'4""",,R-Fr.,"Loveland, Ohio",Loveland,2010
Josh Harrison,50,LB,"6'0""",,Fr.,"Huber Heights, Ohio",Wayne,2010
Tyler Dippel,51,DL,"6'4""",,R-Fr.,"Slinger, Wis.",Hartford,2010
Nick Hill,52,LB,"6'2""",,R-Fr.,"Milwaukee, Wis.",Washington,2010
Mike Taylor,53,LB,"6'2""",,R-So.,"Ashwaubenon, Wis.",Ashwaubenon,2010
Kyle Costigan,54,DL,"6'4""",,Fr.,"Wind Lake, Wis.",Muskego,2010
Eriks Briedis,55,DL,"6'4""",,R-So.,"Miami, Fla.",Country Day,2010
Riki Kodanko,56,OL,"6'9""",,Fr.,"Green Bay, Wis.",West De Pere,2010
James McGuire,56,LS,"6'1""",,Fr.,"St. Paul, Minn.",Cretin-Derham Hall,2010
Marcus Krien,57,LS,"6'1""",,Fr.,"Burlington, Wis.",,2010
Ben Ruechel,57,LB,"6'1""",,Fr.,"Oconto, Wis.",Oconto,2010
Jacob Ninneman,58,DL,"6'1""",,Fr.,"Oregon, Wis.",Oregon,2010
Ricky Wagner,58,OL,"6'6""",,R-So.,"West Allis, Wis.",Nathan Hale,2010
Marcus Trotter,59,LB,"6'0""",,Fr.,"Racine, Wis.",Marquette,2010
Jake Current,60,OL,"6'3""",,Jr.,"Troy, Ohio",Troy,2010
Sam Edmiston,61,OL,"6'7""",,R-Fr.,"Cincinnati, Ohio",St. Xavier,2010
Kyle Wojta,62,LS,"6'2""",,R-Jr.,"Madison, Wis.",LaFollette,2010
Casey Dehn,63,OL,"6'6""",,R-Fr.,"Owatonna, Minn.",Owatonna,2010
Robert Burge,64,OL,"6'7""",,R-So.,"Holmen, Wis.",Holmen,2010
Jake Irwin,65,DL,"6'4""",,Fr.,"Waunakee, Wis.",,2010
Peter Konz,66,OL,"6'5""",,R-So.,"Neenah, Wis.",Neenah,2010
Josh Oglesby,67,OL,"6'7""",,R-Jr.,"Milwaukee, Wis.",St. Francis,2010
Gabe Carimi,68,OL,"6'7""",,R-Sr.,"Cottage Grove, Wis.",Monona Grove,2010
Kevin Zeitler,70,OL,"6'4""",,Jr.,"Waukesha, Wis.",Wisconsin Lutheran,2010
Travis Frederick,72,OL,"6'4""",,So.,"Sharon, Wis.",Big Foot,2010
Dallas Lewallen,73,OL,"6'6""",,Fr.,"Berlin, Wis.",Berlin,2010
John Moffitt,74,OL,"6'5""",,R-Sr.,"Guilford, Conn.",West Haven Notre Dame,2010
Zac Matthias,75,OL,"6'5""",,R-Fr.,"Hemlock, Mich.",Hemlock,2010
Bill Nagy,76,OL,"6'3""",,R-Sr.,"Hudson, Ohio",Hudson,2010
Bryce Gilbert,77,DL,"6'1""",,Fr.,"Brookfield, Wis.",Central,2010
Rob Havenstein,78,OL,"6'8""",,Fr.,"Mount Airy, Md.",Linganore,2010
Ryan Groy,79,OL,"6'5""",,R-Fr.,"Middleton, Wis.",Middleton,2010
Rob Korslin,81,TE,"6'4""",,R-Jr.,"Brookfield, Wis.",Central,2010
Jake Byrne,82,TE,"6'4""",,Jr.,"Rogers, Ark.",Rogers,2010
Lance Kendricks,84,TE,"6'4""",,R-Sr.,"Milwaukee, Wis.",Rufus King,2010
David Gilreath,85,WR,"5'11""",,Sr.,"New Hope, Minn.",Robbinsdale Armstrong,2010
Sherard Cadogan,86,TE,"6'3""",,Fr.,"Washington Township, N.J.",Camden Catholic,2010
Ethan Hemer,87,DL,"6'6""",,R-Fr.,"Medford, Wis.",Medford,2010
Marquis Mason,87,WR,"6'4""",,Fr.,"Madison, Wis.",East,2010
Chase Hammond,89,WR,"6'5""",,Fr.,"Youngstown, Ohio",Boardman,2010
Anthony Mains,90,DL,"6'6""",,R-So.,"Naples, Fla.",Golden Gate,2010
Ryan Wickesberg,90,P,"6'1""",,R-Jr.,"Saukville, Wis.",Cedarburg,2010
Jordan Kohout,91,DL,"6'3""",,R-Fr.,"Waupun, Wis.",Waupun,2010
Pat Muldoon,92,DL,"6'3""",,R-Fr.,"Mason, Ohio",Saint Xavier,2010
Louis Nzegwu,93,DL,"6'4""",,R-Jr.,"Platteville, Wis.",Platteville,2010
Kyle French,94,K,"6'1""",,Fr.,"Menomonee Falls, Wis.",Menomonee Falls,2010
Joseph McNamara,94,DL,"6'1""",,Fr.,"Pembroke Pines, Fla.",Cypress Bay,2010
Patrick Butrym,95,DL,"6'4""",,R-Jr.,"New Berlin, Wis.",Waukesha Catholic Memorial,2010
Beau Allen,96,DL,"6'3""",,Fr.,"Minnetonka, Minn.",Minnetonka,2010
Alec Lerner,96,K,"5'7""",,R-Fr.,"Omaha, Neb.",Burke,2010
Brendan Kelly,97,DL,"6'6""",,R-So.,"Eden Prairie, Minn.",Holy Angels,2010
Brad Nortman,98,P,"6'3""",,Jr.,"Brookfield, Wis.",Central,2010
J.J. Watt,99,DL,"6'6""",,R-Jr.,"Pewaukee, Wis.",Pewaukee,2010
Nick Toon,1,WR,"6'3""",,R-Sr.,"Middleton, Wis.",Middleton,2011
Joel Stave,2,QB,"6'5""",,Fr.,"Greenfield, Wis.",Whitnall,2011
Melvin Gordon,3,RB,"6'1""",,Fr.,"Kenosha, Wis.",Bradford,2011
Jameson Wright,3,DB,"6'1""",,R-Fr.,"Fort Pierce, Fla.",,2011
Jared Abbrederis,4,WR,"6'2""",,R-So.,"Wautoma, Wis.",Wautoma,2011
Jon Budmayr,5,QB,"6'0""",,R-So.,"Woodstock, Ill",Marian Central Catholic,2011
Andrew Lukasko,5,DB,"5'10""",,R-Sr.,"Edgar, Wis.",Edgar,2011
Kenzel Doe,6,WR,"5'8""",,Fr.,"Reidsville, N.C.",Reidsville,2011
Aaron Henry,7,DB,"6'0""",,R-Sr.,"Immokalee, Fla.",Immokalee,2011
Tyler Leonhard,8,DB,"5'11""",,Fr.,"Tony, Wis.",,2011
Isaiah Williams,8,WR,"6'1""",,R-Fr.,"Miami, Fla.",Monsignor Edward Pace,2011
Kevin Claxton,9,LB,"6'1""",,Sr.,"Ft. Lauderdale, Fla.",Boyd Anderson,2011
Curt Phillips,10,QB,"6'3""",,R-Jr.,"Kingsport, Tenn.",Sullivan South,2011
Devin Smith,10,DB,"5'11""",,Sr.,"Coppell, Texas",Coppell,2011
Joe Brennan,11,QB,"6'3""",,R-Fr.,"Audubon, N.J.",,2011
David Gilbert,11,DL,"6'4""",,Jr.,"Coral Springs, Fla.",Northeast,2011
Dezmen Southward,12,DB,"6'2""",,R-So.,"Sunrise, Fla.",St. Thomas Aquinas,2011
Nate Tice,12,QB,"6'5""",,R-Sr.,"Edina, Minn.",Edina,2011
Lance Baretz,13,WR,"5'11""",,Fr.,"Franklin, Wis.",Franklin,2011
Conor O'Neill,13,LB,"6'0""",,R-So.,"Delray Beach,                                                            Fla.",,2011
Marcus Cromartie,14,DB,"6'1""",,R-Jr.,"Mansfield, Texas",Timberview,2011
Drew McAdams,14,WR,"6'0""",,R-Fr.,"Madison, Wis.",,2011
Jeff Duckworth,15,WR,"6'0""",,R-So.,"Cincinnati, Ohio",Princeton,2011
Chukwuma Offor,16,WR,"6'0""",,R-Sr.,"Madison, Wis.",LaFollette,2011
Russell Wilson,16,QB,"5'11""",,R-Sr.,"Richmond, Va.",,2011
A.J. Fenton,17,LB,"6'1""",,R-So.,"Erie, Pa.",McDowell,2011
Derek Hasanoglu,17,WR,"6'4""",,Fr.,"Waukesha, Wis.",,2011
Philip Welch,18,K,"6'3""",,R-Sr.,"Fort Collins, Colo.",Fort Collins,2011
Manasseh Garner,19,WR,"6'2""",,So.,"Pittsburgh, Pa.",,2011
James White,20,RB,"5'10""",,So.,"Fort Lauderdale, Fla.",St. Thomas Aquinas,2011
Peniel Jean,21,DB,"5'11""",,R-Fr.,"West Palm Beach, Fla.",Palm Beach Central,2011
Darius Feaster,22,DB,"5'11""",,R-So.,"Mequon, Wis.",Homestead,2011
Jeffrey Lewis,22,RB,"6'2""",,R-Fr.,"Brookfield, Wis.",Central,2011
Jordan Fredrick,23,WR,"6'3""",,Fr.,"Madison, Wis.",Memorial,2011
Jerry Ponio,23,DB,"6'1""",,R-So.,"Chicago, Ill.",St. Rita,2011
Shelton Johnson,24,DB,"6'0""",,R-Jr.,"Carrollton, Texas",Hebron,2011
Fred Willis,24,WR,"6'2""",,Fr.,"Milwaukee, Wis.",,2011
Adam Hampton,25,DB,"5'11""",,R-Sr.,"Lancaster, Wis.",Lancaster,2011
Antonio Fenelus,26,DB,"5'9""",,Sr.,"Boca Raton, Fla.",Boca Raton,2011
Derek Straus,26,RB,"6'0""",,Fr.,"Waunakee, Wis.",Waunakee,2011
Kyle Zuleger,27,RB,"5'11""",,R-So.,"Appleton, Wis.",East,2011
Montee Ball,28,RB,"5'11""",,Jr.,"Wentzville, Mo.",Timberland,2011
Coddye Ring-Noonan,28,LB,"5'10""",,R-Jr.,"Madison, Wis.",East,2011
Terrance Floyd,29,DB,"5'10""",,Fr.,"Boynton Beach, Fla.",Santaluces,2011
Miles Groeschel,29,RB,"5'10""",,Fr.,"Fond Du Lac, Wis.",,2011
Derek Landisch,30,LB,"5'11""",,Fr.,"Nashotah, Wis.",Arrowhead,2011
Connor Cummins,31,WR,"6'1""",,R-Fr.,"Kettering, Ohio",Archbishop Alter,2011
Josh Peprah,31,DB,"5'11""",,R-So.,"McKinney, Texas",Plano East,2011
Devin Gaulden,32,DB,"5'10""",,Fr.,"Miramar, Fla.",University School,2011
Jake Stengel,32,WR,"6'3""",,Fr.,"Sheboygan, Wis.",North,2011
Bradie Ewing,34,RB,"6'0""",,Sr.,"Richland Center, Wis.",Richland Center,2011
Derek Watt,34,LB,"6'2""",,Fr.,"Pewaukee, Wis.",Pewaukee,2011
Ethan Armstrong,36,LB,"6'2""",,R-So.,"Ottawa, Ill.",Ottawa Township,2011
Michael Caputo,37,DB,"6'1""",,Fr.,"Imperial, Pa.",West Allegheny,2011
Cameron Ontko,38,LB,"5'11""",,R-Fr.,"Seven Hills, Ohio",,2011
Darius Hillary,39,DB,"5'11""",,Fr.,"Cincinnati, Ohio",Sycamore,2011
Jesse Hayes,41,DL,"6'3""",,Fr.,"Cincinnati, Ohio",Moeller,2011
Greg Russo,41,LB,"6'3""",,Sr.,"Lake Mills, Wis.",,2011
Cody Byers,42,LB,"6'2""",,R-Fr.,"Centerville, Ohio",Archbishop Alter,2011
Jason Hengel,42,FB,"6'2""",,R-Fr.,"La Crosse, Wis.",,2011
Michael Trotter,43,DB,"6'0""",,R-Fr.,"Racine, Wis.",Marquette,2011
Chris Borland,44,LB,"5'11""",,So.,"Kettering, Ohio",Archbishop Alter,2011
Warren Herring,45,DL,"6'3""",,R-Fr.,"Fairview Heights, Ill.",Belleville East,2011
Willie Resop,46,LB,"6'1""",,R-Fr.,"Appleton, Wis.",,2011
Austin Traylor,46,TE,"6'3""",,Fr.,"Columbus, Ohio",Walnut Ridge,2011
Frank Tamakloe,47,DB,"6'3""",,R-Fr.,Washington D.C.,,2011
Jake Keefer,48,LB,"6'3""",,Fr.,"Woodville, Wis.",Baldwin-Woodville,2011
Jacob Pedersen,48,TE,"6'4""",,R-So.,"Menominee, Mich.",Menominee,2011
Sam Arneson,49,TE,"6'4""",,Fr.,"Merrill, Wis.",Merrill,2011
Josh Harrison,50,LB,"6'0""",,R-Fr.,"Huber Heights, Ohio",Wayne,2011
Tyler Dippel,51,DL,"6'4""",,R-So.,"Slinger, Wis.",Hartford,2011
Nick Hill,52,LB,"6'2""",,R-So.,"Milwaukee, Wis.",Washington,2011
Mike Taylor,53,LB,"6'2""",,R-Jr.,"Ashwaubenon, Wis.",Ashwaubenon,2011
Kyle Costigan,54,DL,"6'4""",,R-Fr.,"Wind Lake, Wis.",Muskego,2011
Eriks Briedis,55,DL,"6'4""",,R-Jr.,"Miami, Fla.",Country Day,2011
Riki Kodanko,56,OL,"6'9""",,R-Fr.,"Green Bay, Wis.",West De Pere,2011
James McGuire,56,LS,"6'1""",,So.,"St. Paul, Minn.",Cretin-Derham Hall,2011
Ben Ruechel,57,LB,"6'1""",,R-Fr.,"Oconto, Wis.",Oconto,2011
Jacob Ninneman,58,DL,"6'1""",,R-Fr.,"Oregon, Wis.",Oregon,2011
Ricky Wagner,58,OL,"6'6""",,R-Jr.,"West Allis, Wis.",Nathan Hale,2011
Marcus Trotter,59,LB,"6'0""",,R-Fr.,"Racine, Wis.",Marquette,2011
Jake Current,60,OL,"6'3""",,Sr.,"Troy, Ohio",Troy,2011
Tyler Marz,61,OL,"6'7""",,Fr.,"Springfield, Minn.",Springfield,2011
Kyle Wojta,62,LS,"6'2""",,R-Sr.,"Madison, Wis.",LaFollette,2011
Robert Burge,64,OL,"6'7""",,R-Jr.,"Holmen, Wis.",Holmen,2011
Jonathan Coon,65,OL,"6'7""",,Fr.,"Franklin, Wis.",Pius XI,2011
Peter Konz,66,OL,"6'5""",,R-Jr.,"Neenah, Wis.",Neenah,2011
Josh Oglesby,67,OL,"6'7""",,R-Sr.,"Milwaukee, Wis.",St. Francis,2011
Kevin Zeitler,70,OL,"6'4""",,Sr.,"Waukesha, Wis.",Wisconsin Lutheran,2011
Ray Ball,71,OL,"6'7""",,Fr.,"Columbus, Ohio",Westerville South,2011
Travis Frederick,72,OL,"6'4""",,R-So.,"Sharon, Wis.",Big Foot,2011
Dallas Lewallen,73,OL,"6'6""",,R-Fr.,"Berlin, Wis.",Berlin,2011
Konrad Zagzebski,74,DL,"6'3""",,R-Fr.,"Weston, Wis.",D.C. Everest,2011
Zac Matthias,75,OL,"6'5""",,R-So.,"Hemlock, Mich.",Hemlock,2011
Bryce Gilbert,77,DL,"6'1""",,R-Fr.,"Brookfield, Wis.",Central,2011
Rob Havenstein,78,OL,"6'8""",,R-Fr.,"Mount Airy, Md.",Linganore,2011
Ryan Groy,79,OL,"6'5""",,R-So.,"Middleton, Wis.",Middleton,2011
Brock DeCicco,81,TE,"6'5""",,R-So.,"Jefferson Hills, Pa.",Thomas Jefferson,2011
A.J. Jordan,81,WR,"6'0""",,Fr.,"Dayton, Ohio",Trotwood Madison,2011
Jake Byrne,82,TE,"6'4""",,Sr.,"Rogers, Ark.",Rogers,2011
Austin Maly,84,TE,"6'5""",,Fr.,"Waunakee, Wis.",Waunakee,2011
Brian Wozniak,85,TE,"6'4""",,R-So.,"Loveland, Ohio",Loveland,2011
Sherard Cadogan,86,TE,"6'3""",,R-Fr.,"Washington Township, N.J.",Camden Catholic,2011
Ethan Hemer,87,DL,"6'6""",,R-So.,"Medford, Wis.",Medford,2011
Marquis Mason,87,WR,"6'4""",,R-Fr.,"Madison, Wis.",East,2011
Chase Hammond,89,WR,"6'5""",,R-Fr.,"Youngstown, Ohio",Boardman,2011
Drew Meyer,90,P,"6'2""",,Fr.,"Hartland, Wis.",Arrowhead,2011
Jordan Kohout,91,DL,"6'3""",,R-So.,"Waupun, Wis.",Waupun,2011
Pat Muldoon,92,DL,"6'3""",,R-So.,"Mason, Ohio",Saint Xavier,2011
Louis Nzegwu,93,DL,"6'4""",,R-Sr.,"Platteville, Wis.",Platteville,2011
Kyle French,94,K,"6'1""",,R-Fr.,"Menomonee Falls, Wis.",Menomonee Falls,2011
Joseph McNamara,94,DL,"6'1""",,R-Fr.,"Pembroke Pines, Fla.",Cypress Bay,2011
Patrick Butrym,95,DL,"6'4""",,R-Sr.,"New Berlin, Wis.",Waukesha Catholic Memorial,2011
Beau Allen,96,DL,"6'3""",,So.,"Minnetonka, Minn.",Minnetonka,2011
Alec Lerner,96,K,"5'7""",,R-So.,"Omaha, Neb.",Burke,2011
Brendan Kelly,97,DL,"6'6""",,R-Jr.,"Eden Prairie, Minn.",Holy Angels,2011
Brad Nortman,98,P,"6'3""",,Sr.,"Brookfield, Wis.",Central,2011
James Adeyanju,99,DL,"6'2""",,Fr.,"Chicago, Ill.",Curie Metropolitan,2011
A.J. Jordan,1,WR,"6'0""",,Fr.,"Dayton, Ohio",Trotwood Madison,2012
Joel Stave,2,QB,"6'5""",,Fr.,"Greenfield, Wis.",Whitnall,2012
Kenzel Doe,3,WR,"5'8""",,So.,"Reidsville, N.C.",Reidsville,2012
Jared Abbrederis,4,WR,"6'2""",,Jr.,"Wautoma, Wis.",Wautoma,2012
Jon Budmayr,5,QB,"6'0""",,Jr.,"Woodstock, Ill",Marian Central Catholic,2012
Darius Hillary,5,DB,"5'11""",,Fr.,"Cincinnati, Ohio",Sycamore,2012
Danny O’Brien,6,QB,"6'3""",,Jr.,"Kernersville, N.C.",East Forsyth,2012
Michael Caputo,7,DB,"6'1""",,Fr.,"Imperial, Pa.",West Allegheny,2012
Isaiah Williams,8,WR,"6'1""",,So.,"Miami, Fla.",Monsignor Edward Pace,2012
Jordan Fredrick,9,WR,"6'3""",,Fr.,"Madison, Wis.",Memorial,2012
Chase Knox,9,QB,"6'1""",,Fr.,"San Diego, Calif.",Madison,2012
Curt Phillips,10,QB,"6'3""",,Sr.,"Kingsport, Tenn.",Sullivan South,2012
Devin Smith,10,DB,"5'11""",,Sr.,"Coppell, Texas",Coppell,2012
David Gilbert,11,DL,"6'4""",,Jr.,"Coral Springs, Fla.",Northeast,2012
Matt Salerno,12,P,"6'2""",,Fr.,"Chatfield, Minn.",Chatfield,2012
Dezmen Southward,12,DB,"6'2""",,Jr.,"Sunrise, Fla.",St. Thomas Aquinas,2012
Bart Houston,13,QB,"6'4""",,Fr.,"Dublin, Calif.",De La Salle,2012
Conor O’Neill,13,LB,"6'0""",,Jr.,"Delray Beach, Fla.",St. Thomas Aquinas,2012
Marcus Cromartie,14,DB,"6'1""",,Sr.,"Mansfield, Texas",Timberview,2012
Nate Hammon,14,DB,"6'1""",,Fr.,"Milton, Wis.",Milton,2012
Thad Armstrong,15,QB,"6'5""",,Fr.,"Ottawa, Ill.",Wheaton Warrenville South,2012
Jeff Duckworth,15,WR,"6'0""",,Jr.,"Cincinnati, Ohio",Princeton,2012
Reggie Love,16,WR,"6'3""",,Fr.,"Boynton Beach, Fla.",Spanish River,2012
Clay Rust,16,QB,"6'5""",,Fr.,"Sturtevant, Wis.",Shoreland Lutheran,2012
Jack Russell,17,K,"6'0""",,Fr.,"Waunakee, Wis.",Waunakee,2012
Lance Baretz,18,WR,"5'11""",,Fr.,"Franklin, Wis.",Franklin,2012
Dare Ogunbowale,18,DB,"5'11""",,Fr.,"Milwaukee, Wis.",Marquette,2012
Hugs Etienne,19,DB,"5'11""",,Fr.,"Fort Lauderdale, Fla.",South Plantation,2012
Joe Schobert,19,DB,"6'2""",,Fr.,"Waukesha, Wis.",West,2012
James White,20,RB,"5'10""",,Jr.,"Fort Lauderdale, Fla.",St. Thomas Aquinas,2012
Peniel Jean,21,DB,"5'11""",,So.,"West Palm Beach, Fla.",Palm Beach Central,2012
Darius Feaster,22,DB,"5'11""",,Jr.,"Mequon, Wis.",Homestead,2012
Jeffrey Lewis,22,RB,"6'2""",,So.,"Brookfield, Wis.",Central,2012
Vonte Jackson,23,RB,"6'0""",,Fr.,"Kenosha, Wis.",Bradford,2012
Jerry Ponio,23,DB,"6'1""",,Jr.,"Chicago, Ill.",St. Rita,2012
Shelton Johnson,24,DB,"6'0""",,Sr.,"Carrollton, Texas",Hebron,2012
Melvin Gordon,25,RB,"6'1""",,Fr.,"Kenosha, Wis.",Bradford,2012
Reggie Mitchell,26,DB,"6'0""",,Fr.,"Pittsburgh, Pa.",Shady Side Academy,2012
Derek Straus,26,RB,"6'0""",,Fr.,"Waunakee, Wis.",Waunakee,2012
Kyle Zuleger,27,RB,"5'11""",,Jr.,"Appleton, Wis.",East,2012
Montee Ball,28,RB,"5'11""",,Sr.,"Wentzville, Mo.",Timberland,2012
Leo Musso,28,DB,"5'10""",,Fr.,"Waunakee, Wis.",Waunakee,2012
Terrance Floyd,29,DB,"5'10""",,Fr.,"Boynton Beach, Fla.",Santaluces,2012
Alex Erickson,30,WR,"6'0""",,Fr.,"Darlington, Wis.",Darlington,2012
Derek Landisch,30,LB,"5'11""",,So.,"Nashotah, Wis.",Arrowhead,2012
Connor Cummins,31,WR,"6'1""",,So.,"Kettering, Ohio",Archbishop Alter,2012
Josh Peprah,31,LB,"5'11""",,Jr.,"McKinney, Texas",Plano East,2012
Devin Gaulden,32,DB,"5'10""",,So.,"Miramar, Fla.",University School,2012
Derek Watt,34,FB,"6'2""",,Fr.,"Pewaukee, Wis.",Pewaukee,2012
Ethan Armstrong,36,LB,"6'2""",,Jr.,"Ottawa, Ill.",Ottawa Township,2012
Kevin MacCudden,37,FB,"5'11""",,So.,"Waukesha, Wis.",West,2012
Eric Steffes,38,TE,"6'3""",,Fr.,"Mount Calvary, Wis.",St. Mary's Springs,2012
Jesse Hayes,41,DL,"6'3""",,Fr.,"Cincinnati, Ohio",Moeller,2012
Cody Byers,42,LB,"6'2""",,So.,"Centerville, Ohio",Archbishop Alter,2012
Alex Walker,42,TE,"6'5""",,Fr.,"Glendale, Wis.",Nicolet,2012
Michael Trotter,43,DB,"6'0""",,So.,"Racine, Wis.",Marquette,2012
Chris Borland,44,LB,"5'11""",,Jr.,"Kettering, Ohio",Archbishop Alter,2012
Warren Herring,45,DL,"6'3""",,So.,"Fairview Heights, Ill.",Belleville East,2012
Jake Rademacher,46,LB,"6'2""",,Fr.,"Wales, Wis.",Kettle Morraine,2012
Austin Traylor,46,TE,"6'3""",,Fr.,"Columbus, Ohio",Walnut Ridge,2012
Vince Biegel,47,LB,"6'3""",,Fr.,"Wisconsin Rapids, Wis.",Lincoln,2012
Jacob Pedersen,48,TE,"6'4""",,Jr.,"Menominee, Mich.",Menominee,2012
Sam Arneson,49,TE,"6'4""",,So.,"Merrill, Wis.",Merrill,2012
Josh Harrison,50,DL,"6'0""",,So.,"Huber Heights, Ohio",Wayne,2012
Tyler Dippel,51,DL,"6'4""",,Jr.,"Slinger, Wis.",Hartford,2012
Nick Hill,52,LB,"6'2""",,Jr.,"Milwaukee, Wis.",Washington,2012
Mike Taylor,53,LB,"6'2""",,Sr.,"Ashwaubenon, Wis.",Ashwaubenon,2012
Kyle Costigan,54,OL,"6'4""",,So.,"Wind Lake, Wis.",Muskego,2012
Trent Denlinger,55,DL,"6'6""",,Fr.,"Cuba City, Wis.",Cuba City,2012
Joseph McNamara,55,OL,"6'1""",,So.,"Pembroke Pines, Fla.",Cypress Bay,2012
Riki Kodanko,56,OL,"6'9""",,So.,"Green Bay, Wis.",West De Pere,2012
James McGuire,56,LS,"6'1""",,So.,"St. Paul, Minn.",Cretin-Derham Hall,2012
Jake Meador,57,OL,"6'7""",,Fr.,"Whiteland, Ind.",Whiteland,2012
Ben Ruechel,57,LB,"6'1""",,So.,"Oconto, Wis.",Oconto,2012
Jacob Ninneman,58,DL,"6'1""",,So.,"Oregon, Wis.",Oregon,2012
Rick Wagner,58,OL,"6'6""",,Sr.,"West Allis, Wis.",Nathan Hale,2012
Marcus Trotter,59,LB,"6'0""",,So.,"Racine, Wis.",Marquette,2012
Connor Udelhoven,60,LS,"6'0""",,Fr.,"St. Paul, Minn.",Cretin-Derham Hall,2012
Tyler Marz,61,OL,"6'7""",,Fr.,"Springfield, Minn.",Springfield,2012
Walker Williams,62,OL,"6'7""",,Fr.,"Tacoma, Wash.",Baptist,2012
Robert Burge,64,OL,"6'7""",,Sr.,"Holmen, Wis.",Holmen,2012
Jonathan Coon,65,OL,"6'7""",,Fr.,"Franklin, Wis.",Pius XI,2012
Logan Schmidt,68,DL,"6'5""",,Fr.,"Gotham, Wis.",Richland Center,2012
Dan Voltz,70,OL,"6'4""",,Fr.,"Barrington, Ill.",Barrington,2012
Ray Ball,71,OL,"6'7""",,Fr.,"Columbus, Ohio",Westerville South,2012
Travis Frederick,72,OL,"6'4""",,Jr.,"Sharon, Wis.",Big Foot,2012
Dallas Lewallen,73,OL,"6'6""",,So.,"Berlin, Wis.",Berlin,2012
Konrad Zagzebski,74,DL,"6'3""",,So.,"Weston, Wis.",D.C. Everest,2012
Zac Matthias,75,OL,"6'5""",,Jr.,"Hemlock, Mich.",Hemlock,2012
Arthur Goldberg,76,DL,"6'3""",,Fr.,"Mount Lebanon, Pa.",Mount Lebanon,2012
Bryce Gilbert,77,DL,"6'1""",,So.,"Brookfield, Wis.",Central,2012
Rob Havenstein,78,OL,"6'8""",,So.,"Mount Airy, Md.",Linganore,2012
Ryan Groy,79,OL,"6'5""",,Jr.,"Middleton, Wis.",Middleton,2012
Brock DeCicco,81,TE,"6'5""",,Jr.,"Jefferson Hills, Pa.",Thomas Jefferson,2012
Jake Stengel,82,WR,"6'3""",,Fr.,"Sheboygan, Wis.",North,2012
Austin Maly,84,TE,"6'5""",,Fr.,"Waunakee, Wis.",Waunakee,2012
Brian Wozniak,85,TE,"6'4""",,Jr.,"Loveland, Ohio",Loveland,2012
Sherard Cadogan,86,FB,"6'3""",,So.,"Washington Township, N.J.",Camden Catholic,2012
Ethan Hemer,87,DL,"6'6""",,Jr.,"Medford, Wis.",Medford,2012
Marquis Mason,87,WR,"6'4""",,So.,"Madison, Wis.",East,2012
Chase Hammond,89,WR,"6'5""",,So.,"Youngstown, Ohio",Boardman,2012
Drew Meyer,90,P,"6'2""",,Fr.,"Hartland, Wis.",Arrowhead,2012
Matt Prell,90,TE,"6'5""",,Fr.,"Kenosha, Wis.",Bradford,2012
Brett Nethery,91,P,"6'2""",,Fr.,"Greendale, Wis.",Greendale,2012
Pat Muldoon,92,DL,"6'3""",,Jr.,"Mason, Ohio",Saint Xavier,2012
Jake Keefer,93,DL,"6'3""",,Fr.,"Woodville, Wis.",Baldwin-Woodville,2012
Kyle French,94,K,"6'1""",,So.,"Menomonee Falls, Wis.",Menomonee Falls,2012
Beau Allen,96,DL,"6'3""",,Jr.,"Minnetonka, Minn.",Minnetonka,2012
Stephen Salata,96,K,"6'1""",,Fr.,"Buffalo Grove, Ill.",Stevenson,2012
Brendan Kelly,97,DL,"6'6""",,Sr.,"Eden Prairie, Minn.",Holy Angels,2012
James Adeyanju,99,DL,"6'2""",,Fr.,"Chicago, Ill.",Curie Metropolitan,2012
A.J. Jordan,1,WR,"6'0""",,So.,"Dayton, Ohio",Trotwood Madison,2013
Joel Stave,2,QB,"6'5""",,So.,"Greenfield, Wis.",Whitnall,2013
Kenzel Doe,3,WR,"5'8""",,Jr.,"Reidsville, N.C.",Reidsville,2013
Jared Abbrederis,4,WR,"6'2""",,Sr.,"Wautoma, Wis.",Wautoma,2013
Darius Hillary,5,CB,"5'11""",,So.,"Cincinnati, Ohio",Sycamore,2013
Corey Clement,6,RB,"5'11""",,Fr.,"Glassboro, N.J.",Glassboro,2013
Alec James,6,OLB,"6'3""",,Fr.,"Brookfield, Wis.",East,2013
Brett Arnold,7,WR,"5'11""",,Sr.,"Sherwood, Wis.",Kaukana,2013
Michael Caputo,7,S,"6'1""",,So.,"Imperial, Pa.",West Allegheny,2013
Sojourn Shelton,8,CB,"5'9""",,Fr.,"Fort Lauderdale, Fla.",Plantation,2013
T.J. Watt,8,TE,"6'5""",,Fr.,"Pewaukee, Wis.",Pewaukee,2013
Jordan Fredrick,9,WR,"6'4""",,So.,"Madison, Wis.",Memorial,2013
Devin Gaulden,10,CB,"5'10""",,Jr.,"Miramar, Fla.",University School,2013
Curt Phillips,10,QB,"6'3""",,Sr.,"Kingsport, Tenn.",Sullivan South,2013
Jazz Peavy,11,WR,"6'0""",,Fr.,"Kenosha, Wis.",Tremper,2013
T.J. Reynard,11,CB,"5'9""",,So.,"Virginia Beach, Va.",Greenbrier Christian/Independence C.C.,2013
Thad Armstrong,12,QB,"6'3""",,Fr.,"Ottawa, Ill.",Wheaton Warrenville South,2013
Dezmen Southward,12,S,"6'2""",,Sr.,"Sunrise, Fla.",St. Thomas Aquinas,2013
Bart Houston,13,QB,"6'4""",,Fr.,"Dublin, Calif.",De La Salle,2013
Conor O’Neill,13,ILB,"6'1""",,Sr.,"Delray Beach, Fla.",St. Thomas Aquinas,2013
Nate Hammon,14,S,"6'1""",,Fr.,"Milton, Wis.",Milton,2013
Connor Senger,14,QB,"5'10""",,Fr.,"Milwaukee, Wis.",Pius XI,2013
Jeff Duckworth,15,WR,"6'0""",,Sr.,"Cincinnati, Ohio",Princeton,2013
Joe Ferguson,16,S,"6'1""",,Fr.,"Madison, Wis.",Memorial,2013
Reggie Love,16,WR,"6'3""",,So.,"Boynton Beach, Fla.",Spanish River,2013
Sherard Cadogan,17,OLB,"6'3""",,Jr.,"Washington Township, N.J.",Camden Catholic,2013
Tanner McEvoy,17,S,"6'6""",,So.,"Hillsdale, N.J.",Bergen Catholic/Arizona Western College,2013
Lance Baretz,18,WR,"5'11""",,So.,"Franklin, Wis.",Franklin,2013
Dare Ogunbowale,18,CB,"5'11""",,Fr.,"Milwaukee, Wis.",Marquette,2013
Leo Musso,19,S,"5'10""",,Fr.,"Waunakee, Wis.",Waunakee,2013
James White,20,RB,"5'10""",,Sr.,"Fort Lauderdale, Fla.",St. Thomas Aquinas,2013
Peniel Jean,21,CB,"5'11""",,Jr.,"West Palm Beach, Fla.",Palm Beach Central,2013
Jeffrey Lewis,22,RB,"6'2""",,Jr.,"Brookfield, Wis.",Central,2013
Jakarrie Washington,22,CB,"5'9""",,Fr.,"Everett, Mass.",Everett,2013
Vonte Jackson,23,RB,"6'1""",,Fr.,"Kenosha, Wis.",Bradford,2013
Jerry Ponio,23,S,"6'1""",,Sr.,"Chicago, Ill.",St. Rita,2013
Keelon Brookins,24,S,"5'10""",,Fr.,"St. Paul, Minn.",Tartan,2013
Melvin Gordon,25,RB,"6'1""",,So.,"Kenosha, Wis.",Bradford,2013
Matt Johnson,26,S,"6'1""",,Fr.,"Cedarburg, Wis.",Cedarburg,2013
Derek Straus,26,FB,"6'0""",,So.,"Waunakee, Wis.",Waunakee,2013
Kyle Zuleger,27,S,"5'11""",,Sr.,"Appleton, Wis.",East,2013
Matt Hubley,28,S,"6'0""",,Fr.,"Waukesha, Wis.",Catholic Memorial,2013
Terrance Floyd,29,CB,"5'10""",,So.,"Boynton Beach, Fla.",Santaluces,2013
Derek Landisch,30,ILB,"6'0""",,Jr.,"Nashotah, Wis.",Arrowhead,2013
Austin Ramesh,30,FB,"6'1""",,Fr.,"Land O’ Lakes, Wis.",Northland Pines,2013
Connor Cummins,31,WR,"6'1""",,Jr.,"Kettering, Ohio",Archbishop Alter,2013
Hugs Etienne,31,CB,"5'11""",,Fr.,"Fort Lauderdale, Fla.",South Plantation,2013
Leon Jacobs,32,OLB,"6'2""",,Fr.,"San Pedro, Calif.",Golden Valley,2013
Chikwe Obasih,34,DE,"6'2""",,Fr.,"Brookfield, Wis.",Central,2013
Derek Watt,34,FB,"6'2""",,So.,"Pewaukee, Wis.",Pewaukee,2013
Ethan Armstrong,36,OLB,"6'2""",,Sr.,"Ottawa, Ill.",Ottawa Township,2013
D.J. Spurling,36,FB,"5'10""",,Fr.,"Slinger, Wis.",Slinger,2013
Andrew Endicott,37,K,"5'9""",,Fr.,"Roseville, Calif.",Jesuit,2013
Kevin MacCudden,37,FB,"5'11""",,So.,"Waukesha, Wis.",West,2013
Eric Steffes,38,TE,"6'3""",,Fr.,"Mount Calvary, Wis.",St. Mary's Springs,2013
Brady Kelliher,39,LS,"6'8""",,Fr.,"Hartland, Wis.",Arrowhead,2013
Troy Fumagalli,41,TE,"6'5""",,Fr.,"Aurora, Ill.",Waubonsie Valley,2013
Jesse Hayes,41,OLB,"6'3""",,So.,"Cincinnati, Ohio",Moeller,2013
Alex Walker,42,TE,"6'4""",,Fr.,"Glendale, Wis.",Nicolet,2013
Michael Trotter,43,S,"6'0""",,Jr.,"Racine, Wis.",Marquette,2013
Chris Borland,44,ILB,"5'11""",,Sr.,"Kettering, Ohio",Archbishop Alter,2013
Warren Herring,45,NG,"6'3""",,Jr.,"Fairview Heights, Ill.",Belleville East,2013
Austin Traylor,46,TE,"6'3""",,So.,"Columbus, Ohio",Walnut Ridge,2013
Vince Biegel,47,OLB,"6'4""",,Fr.,"Wisconsin Rapids, Wis.",Lincoln,2013
Jack Cichy,48,ILB,"6'2""",,Fr.,"Somerset, Wis.",Hill Murray,2013
Jacob Pedersen,48,TE,"6'5""",,Sr.,"Menominee, Mich.",Menominee,2013
Sam Arneson,49,TE,"6'4""",,Jr.,"Merrill, Wis.",Merrill,2013
Josh Harrison,50,OLB,"6'0""",,Jr.,"Huber Heights, Ohio",Wayne,2013
Tyler Dippel,51,DE,"6'4""",,Sr.,"Slinger, Wis.",Hartford,2013
Carl Miller,52,ILB,"6'3""",,Fr.,"Northbrook, Ill.",Adlai E. Stevenson,2013
Kyle Costigan,54,OL,"6'5""",,Jr.,"Wind Lake, Wis.",Muskego,2013
Jake Rademacher,54,ILB,"6'1""",,Fr.,"Wales, Wis.",Kettle Morraine,2013
Trent Denlinger,55,OL,"6'6""",,Fr.,"Cuba City, Wis.",Cuba City,2013
Garret Dooley,55,ILB,"6'2""",,Fr.,"Rochester, Ill.",Rochester,2013
James McGuire,56,LS,"6'0""",,Jr.,"St. Paul, Minn.",Cretin-Derham Hall,2013
Ben Ruechel,57,ILB,"6'2""",,Jr.,"Oconto, Wis.",Oconto,2013
Jacob Ninneman,58,OL,"6'2""",,Jr.,"Oregon, Wis.",Oregon,2013
Joe Schobert,58,OLB,"6'2""",,So.,"Waukesha, Wis.",West,2013
Marcus Trotter,59,ILB,"6'0""",,Jr.,"Racine, Wis.",Marquette,2013
Matt Miller,60,OL,"6'5""",,Fr.,"Maumee, Ohio",St. Johns Jesuit,2013
Connor Udelhoven,60,LS,"5'11""",,Fr.,"St. Paul, Minn.",Cretin-Derham Hall,2013
Tyler Marz,61,OL,"6'5""",,So.,"Springfield, Minn.",Springfield,2013
Walker Williams,62,OL,"6'7""",,Fr.,"Tacoma, Wash.",Baptist,2013
Chris Gill,67,OL,"6'5""",,Sr.,"Appleton, Wis.",Xavier/Ole Miss,2013
Dan Voltz,70,OL,"6'3""",,Fr.,"Barrington, Ill.",Barrington,2013
Ray Ball,71,OL,"6'7""",,So.,"Columbus, Ohio",Westerville South,2013
Ben Hemer,72,OL,"6'4""",,Fr.,"Medford, Wis.",Medford,2013
Dallas Lewallen,73,OL,"6'6""",,Jr.,"Berlin, Wis.",Berlin,2013
Hayden Biegel,74,OL,"6'6""",,Fr.,"Wisconsin Rapids, Wis.",Wisconsin Rapids,2013
Zac Matthias,75,OL,"6'5""",,Sr.,"Hemlock, Mich.",Hemlock,2013
Aidan McNamara,76,OL,"6'4""",,Fr.,"Madison, Wis.",West,2013
Bryce Gilbert,77,NG,"6'2""",,Jr.,"Brookfield, Wis.",Central,2013
Jackson Keeler,77,OL,"6'6""",,Fr.,"Barrington, Ill.",Barrington,2013
Rob Havenstein,78,OL,"6'8""",,Jr.,"Mount Airy, Md.",Linganore,2013
Ryan Groy,79,OL,"6'5""",,Sr.,"Middleton, Wis.",Middleton,2013
Brock DeCicco,81,TE,"6'5""",,Sr.,"Jefferson Hills, Pa.",Thomas Jefferson,2013
Jake Stengel,82,WR,"6'3""",,So.,"Sheboygan, Wis.",North,2013
Robert Wheelwright,82,WR,"6'2""",,Fr.,"Columbus, Ohio",Walnut Ridge,2013
Austin Maly,84,TE,"6'5""",,So.,"Waunakee, Wis.",Waunakee,2013
Brian Wozniak,85,TE,"6'4""",,Sr.,"Loveland, Ohio",Loveland,2013
Alex Erickson,86,WR,"6'0""",,Fr.,"Darlington, Wis.",Darlington,2013
Ethan Hemer,87,DE,"6'6""",,Sr.,"Medford, Wis.",Medford,2013
Marquis Mason,87,WR,"6'4""",,Jr.,"Madison, Wis.",East,2013
Drew Meyer,90,P,"6'3""",,So.,"Hartland, Wis.",Arrowhead,2013
Brett Nethery,91,P,"6'0""",,Fr.,"Greendale, Wis.",Greendale,2013
Konrad Zagzebski,91,DE,"6'3""",,Jr.,"Weston, Wis.",D.C. Everest,2013
Pat Muldoon,92,DE,"6'3""",,Sr.,"Mason, Ohio",Saint Xavier,2013
Jake Keefer,93,DE,"6'3""",,So.,"Woodville, Wis.",Baldwin-Woodville,2013
Kyle French,94,K,"6'1""",,Jr.,"Menomonee Falls, Wis.",Menomonee Falls,2013
Logan Schmidt,94,DE,"6'4""",,Fr.,"Gotham, Wis.",Richland Center,2013
Arthur Goldberg,95,NG,"6'3""",,Fr.,"Mount Lebanon, Pa.",Mount Lebanon,2013
Beau Allen,96,NG,"6'3""",,Sr.,"Minnetonka, Minn.",Minnetonka,2013
Brendan Kelly,97,OLB,"6'6""",,Sr.,"Eden Prairie, Minn.",Holy Angels,2013
Jack Russell,97,K,"6'0""",,So.,"Waunakee, Wis.",Waunakee,2013
Stephen Salata,98,K,"6'2""",,So.,"Buffalo Grove, Ill.",Stevenson,2013
James Adeyanju,99,DE,"6'2""",,So.,"Chicago, Ill.",Curie Metropolitan,2013
A.J. Jordan,1,S,"6'0""",,Jr.,"Dayton, Ohio",Trotwood Madison,2014
Joel Stave,2,QB,"6'5""",,Jr.,"Greenfield, Wis.",Whitnall,2014
Kenzel Doe,3,WR,"5'8""",,Sr.,"Reidsville, N.C.",Reidsville,2014
Devin Gaulden,4,CB,"5'10""",,Jr.,"Miramar, Fla.",University School,2014
Darius Hillary,5,CB,"5'11""",,Jr.,"Cincinnati, Ohio",Sycamore,2014
Tanner McEvoy,5,QB,"6'6""",,Jr.,"Hillsdale, N.J.",Bergen Catholic/Arizona Western College,2014
Corey Clement,6,RB,"5'11""",,So.,"Glassboro, N.J.",Glassboro,2014
Alec James,6,DE,"6'3""",,Fr.,"Brookfield, Wis.",East,2014
Michael Caputo,7,S,"6'1""",,Jr.,"Imperial, Pa.",West Allegheny,2014
D.J. Gillins,7,QB,"6'3""",,Fr.,"Jacksonville, Fla.",Ribault,2014
Sojourn Shelton,8,CB,"5'9""",,So.,"Fort Lauderdale, Fla.",Plantation,2014
Jordan Fredrick,9,WR,"6'4""",,Jr.,"Madison, Wis.",Memorial,2014
Rafael Gaglianone,10,K,"5'11""",,Fr.,"Sao Paulo, Brazil",Chattanooga (Tenn.) Baylor,2014
Krenwick Sanders,10,WR,"6'1""",,Fr.,"Jesup, Ga.",Wayne County,2014
Jazz Peavy,11,WR,"6'0""",,Fr.,"Kenosha, Wis.",Tremper,2014
T.J. Reynard,11,CB,"5'9""",,Jr.,"Virginia Beach, Va.",Greenbrier Christian/Independence C.C.,2014
Thad Armstrong,12,QB,"6'3""",,So.,"Ottawa, Ill.",Wheaton Warrenville South,2014
Natrell Jamerson,12,WR,"5'11""",,Fr.,"Ocala, Fla.",Vanguard,2014
Evan Bondoc,13,S,"6'1""",,Fr.,"Madison, Wis.",Edgewood,2014
Bart Houston,13,QB,"6'4""",,So.,"Dublin, Calif.",De La Salle,2014
D'Cota Dixon,14,CB,"5'10""",,Fr.,"Oak Hill, Fla.",New Smyrna Beach,2014
Connor Senger,14,QB,"5'10""",,Fr.,"Milwaukee, Wis.",Pius XI,2014
Robert Wheelwright,15,WR,"6'2""",,So.,"Columbus, Ohio",Walnut Ridge,2014
Reggie Love,16,WR,"6'3""",,So.,"Boynton Beach, Fla.",Spanish River,2014
Sherard Cadogan,17,OLB,"6'3""",,Sr.,"Washington Township, N.J.",Camden Catholic,2014
George Rushing,17,WR,"6'1""",,Fr.,"Miramar, Fla.",Cardinal Gibbons,2014
Lance Baretz,18,WR,"5'11""",,Sr.,"Franklin, Wis.",Franklin,2014
Ryan Connelly,19,OLB,"6'3""",,Fr.,"Eden Prairie, Minn.",Eden Prairie,2014
Leo Musso,19,S,"5'10""",,So.,"Waunakee, Wis.",Waunakee,2014
Austin Ramesh,20,FB,"6'1""",,Fr.,"Land O’ Lakes, Wis.",Northland Pines,2014
Peniel Jean,21,S,"5'11""",,Sr.,"West Palm Beach, Fla.",Palm Beach Central,2014
Mark Saari,21,RB,"6'0""",,Fr.,"Montreal, Wis.",Hurley,2014
Chasen Andersen,22,ILB,"5'11""",,Fr.,"Logan, Utah",Logan,2014
Caleb Kinlaw,22,RB,"5'9""",,Fr.,"Goose Creek, S.C.",Goose Creek,2014
Dare Ogunbowale,23,RB,"5'11""",,So.,"Milwaukee, Wis.",Marquette,2014
Daniel Supernaw,23,S,"6'2""",,Fr.,"Delavan, Wis.",Delavan-Darien,2014
Keelon Brookins,24,OLB,"5'10""",,Fr.,"St. Paul, Minn.",Tartan,2014
John Damrow,24,TE,"6'3""",,Fr.,"Delavan, Wis.",Delavan-Darien,2014
Melvin Gordon,25,RB,"6'1""",,Jr.,"Kenosha, Wis.",Bradford,2014
Derrick Tindal,25,CB,"5'11""",,Fr.,"Fort Lauderdale, Fla.",Boyd Anderson,2014
Derek Straus,26,FB,"6'0""",,Jr.,"Waunakee, Wis.",Waunakee,2014
Austin Hudson,27,S,"6'2""",,Fr.,"Tampa, Fla.",Plant,2014
Taiwan Deal,28,RB,"6'0""",,Fr.,"Capitol Heights, Md.",DeMatha,2014
Terrance Floyd,29,CB,"5'10""",,Jr.,"Boynton Beach, Fla.",Santaluces,2014
Derek Landisch,30,ILB,"6'0""",,Sr.,"Nashotah, Wis.",Arrowhead,2014
Connor Cummins,31,WR,"6'1""",,Sr.,"Kettering, Ohio",Archbishop Alter,2014
Lubern Figaro,31,S,"6'0""",,Fr.,"Everett, Mass.",Everett,2014
Leon Jacobs,32,ILB,"6'2""",,So.,"San Pedro, Calif.",Golden Valley,2014
Chikwe Obasih,34,DE,"6'2""",,Fr.,"Brookfield, Wis.",Central,2014
Derek Watt,34,FB,"6'2""",,Jr.,"Pewaukee, Wis.",Pewaukee,2014
Joe Ferguson,36,S,"6'1""",,Fr.,"Madison, Wis.",Memorial,2014
D.J. Spurling,36,FB,"5'10""",,Fr.,"Slinger, Wis.",Slinger,2014
Andrew Endicott,37,K,"5'9""",,So.,"Roseville, Calif.",Jesuit,2014
Zander Neuville,38,LB,"6'5""",,Fr.,"Waupaca, Wis.",Waupaca,2014
P.J. Rosowski,38,P,"6'3""",,Fr.,"Stoughton, Wis.",Stoughton,2014
Brady Kelliher,39,DE,"6'8""",,Fr.,"Hartland, Wis.",Arrowhead,2014
Jesse Hayes,41,OLB,"6'3""",,Jr.,"Cincinnati, Ohio",Moeller,2014
T.J. Watt,42,TE,"6'5""",,Fr.,"Pewaukee, Wis.",Pewaukee,2014
Peter Roy,43,WR,"6'0""",,Fr.,"Muskego, Wis.",Muskego,2014
Michael Trotter,43,ILB,"6'0""",,Sr.,"Racine, Wis.",Marquette,2014
Eric Steffes,44,TE,"6'3""",,So.,"Mount Calvary, Wis.",St. Mary's Springs,2014
Warren Herring,45,NG,"6'3""",,Sr.,"Fairview Heights, Ill.",Belleville East,2014
Matt Austin,46,OLB,"6'3""",,Fr.,"Fond du Lac, Wis.",St. Mary’s Springs,2014
Austin Traylor,46,TE,"6'3""",,Jr.,"Columbus, Ohio",Walnut Ridge,2014
Vince Biegel,47,OLB,"6'4""",,So.,"Wisconsin Rapids, Wis.",Lincoln,2014
Jack Cichy,48,OLB,"6'2""",,So.,"Somerset, Wis.",Hill Murray,2014
Troy Fumagalli,48,TE,"6'5""",,Fr.,"Aurora, Ill.",Waubonsie Valley,2014
Sam Arneson,49,TE,"6'4""",,Sr.,"Merrill, Wis.",Merrill,2014
Justin Schweitzer,49,ILB,"6'1""",,Fr.,"Silver Lake, Wis.",Wilmot,2014
Josh Harrison,50,OLB,"6'0""",,Sr.,"Huber Heights, Ohio",Wayne,2014
Ashfott Fonjungo,52,DL,"6'0""",,Fr.,"Lanham, Md.",DeMatha,2014
Jacob Maxwell,52,OL,"6'6""",,Fr.,"Greendale, Wis.",Greendale,2014
T.J. Edwards,53,OLB,"6'1""",,Fr.,"Lake Villa, Ill.",Lakes Community,2014
Kyle Costigan,54,OL,"6'5""",,Sr.,"Wind Lake, Wis.",Muskego,2014
Trent Denlinger,55,OL,"6'6""",,So.,"Cuba City, Wis.",Cuba City,2014
Garret Dooley,55,DE,"6'2""",,Fr.,"Rochester, Ill.",Rochester,2014
James McGuire,56,LS,"6'0""",,Sr.,"St. Paul, Minn.",Cretin-Derham Hall,2014
Ben Ruechel,57,ILB,"6'2""",,Sr.,"Oconto, Wis.",Oconto,2014
George Panos,58,OL,"6'5""",,Fr.,"Hartland, Wis.",Arrowhead,2014
Joe Schobert,58,OLB,"6'2""",,Jr.,"Waukesha, Wis.",West,2014
Marcus Trotter,59,ILB,"6'0""",,Sr.,"Racine, Wis.",Marquette,2014
Connor Udelhoven,60,LS,"5'11""",,So.,"St. Paul, Minn.",Cretin-Derham Hall,2014
Tyler Marz,61,OL,"6'5""",,Jr.,"Springfield, Minn.",Springfield,2014
Walker Williams,62,OL,"6'7""",,So.,"Tacoma, Wash.",Baptist,2014
Michael Deiter,63,OL,"6'5""",,Fr.,"Curtice, Ohio",Genoa,2014
Brett Connors,64,OL,"6'6""",,Fr.,"New Berlin, Wis.",West,2014
Beau Benzschawel,66,OL,"6'6""",,Fr.,"Grafton, Wis.",Grafton,2014
Jaden Gault,68,OL,"6'6""",,Fr.,"Cottage Grove, Wis.",Monona Grove,2014
Aidan McNamara,69,OL,"6'4""",,Fr.,"Madison, Wis.",West,2014
Dan Voltz,70,OL,"6'3""",,So.,"Barrington, Ill.",Barrington,2014
Ray Ball,71,OL,"6'7""",,Jr.,"Columbus, Ohio",Westerville South,2014
Ben Hemer,72,OL,"6'4""",,Fr.,"Medford, Wis.",Medford,2014
Dallas Lewallen,73,OL,"6'6""",,Sr.,"Berlin, Wis.",Berlin,2014
Hayden Biegel,74,OL,"6'6""",,Fr.,"Wisconsin Rapids, Wis.",Wisconsin Rapids,2014
Micah Kapoi,75,OL,"6'4""",,Fr.,"Kapolei, Hawaii",Kapolei,2014
Logan Schmidt,76,OL,"6'4""",,So.,"Gotham, Wis.",Richland Center,2014
Rob Havenstein,78,OL,"6'8""",,Sr.,"Mount Airy, Md.",Linganore,2014
Nicholas Holicek,81,WR,"6'0""",,Fr.,"New Berlin, Wis.",Eisenhower,2014
Jake Stengel,82,WR,"6'3""",,Jr.,"Sheboygan, Wis.",North,2014
Austin Maly,84,TE,"6'5""",,Jr.,"Waunakee, Wis.",Waunakee,2014
Alex Erickson,86,WR,"6'0""",,Jr.,"Darlington, Wis.",Darlington,2014
Sam Eckert,89,TE,"6'5""",,Fr.,"East Troy, Wis.",East Troy,2014
Drew Meyer,90,P,"6'3""",,Jr.,"Hartland, Wis.",Arrowhead,2014
Konrad Zagzebski,91,DE,"6'3""",,Sr.,"Weston, Wis.",D.C. Everest,2014
Jeremy Patterson,92,NG,"6'3""",,Fr.,"Screven, Ga.",Wayne County,2014
Jake Keefer,93,DE,"6'3""",,Jr.,"Woodville, Wis.",Baldwin-Woodville,2014
Conor Sheehy,94,DE,"6'5""",,Fr.,"Milwaukee, Wis.",Marquette,2014
Arthur Goldberg,95,NG,"6'3""",,So.,"Mount Lebanon, Pa.",Mount Lebanon,2014
Billy Hirschfeld,96,DE,"6'6""",,Fr.,"Okauchee, Wis.",Arrowhead,2014
Jack Russell,97,K,"6'0""",,Jr.,"Waunakee, Wis.",Waunakee,2014
James Adeyanju,99,DE,"6'2""",,Jr.,"Chicago, Ill.",Curie Metropolitan,2014
Joel Stave,2,QB,"6'5""",219 lbs,R-Sr.,"Greenfield, Wis.",Whitnall,2015
Tanner McEvoy,3,S,"6'6""",231 lbs,R-Sr.,"Hillsdale, N.J.",Bergen Catholic/Arizona Western College,2015
Darius Hillary,5,CB,"5'11""",187 lbs,R-Sr.,"Cincinnati, Ohio",Sycamore,2015
Corey Clement,6,RB,"5'11""",219 lbs,Jr.,"Glassboro, N.J.",Glassboro,2015
Michael Caputo,7,S,"6'1""",206 lbs,R-Sr.,"Imperial, Pa.",West Allegheny,2015
D.J. Gillins,7,QB,"6'3""",198 lbs,R-Fr.,"Jacksonville, Fla.",Ribault,2015
Sojourn Shelton,8,CB,"5'9""",176 lbs,Jr.,"Fort Lauderdale, Fla.",Plantation,2015
Titus Booker,9,CB,"5'11""",187 lbs,Fr.,"Round Lake Beach, Ill.",Grayslake North,2015
Jordan Fredrick,9,WR,"6'4""",208 lbs,R-Sr.,"Madison, Wis.",Memorial,2015
Rafael Gaglianone,10,K,"5'11""",240 lbs,So.,"Sao Paulo, Brazil",Chattanooga (Tenn.) Baylor,2015
Jazz Peavy,11,WR,"6'0""",189 lbs,R-So.,"Kenosha, Wis.",Tremper,2015
T.J. Reynard,11,CB,"5'10""",170 lbs,Sr.,"Virginia Beach, Va.",Greenbrier Christian/Independence C.C.,2015
Alex Hornibrook,12,QB,"6'4""",211 lbs,Fr.,"West Chester, Pa.",Malvern Prep,2015
Natrell Jamerson,12,CB,"6'0""",191 lbs,So.,"Ocala, Fla.",Vanguard,2015
Evan Bondoc,13,S,"6'1""",201 lbs,R-Fr.,"Madison, Wis.",Edgewood,2015
Bart Houston,13,QB,"6'4""",224 lbs,R-Jr.,"Dublin, Calif.",De La Salle,2015
Thad Armstrong,14,QB,"6'5""",213 lbs,R-Jr.,"Ottawa, Ill.",Wheaton Warrenville South,2015
D'Cota Dixon,14,S,"5'10""",203 lbs,So.,"Oak Hill, Fla.",New Smyrna Beach,2015
Robert Wheelwright,15,WR,"6'3""",202 lbs,Jr.,"Columbus, Ohio",Walnut Ridge,2015
Reggie Love,16,WR,"6'3""",216 lbs,R-Jr.,"Boynton Beach, Fla.",Spanish River,2015
Leo Musso,19,S,"5'10""",186 lbs,R-Jr.,"Waunakee, Wis.",Waunakee,2015
Austin Ramesh,20,FB,"6'1""",246 lbs,R-So.,"Land O’ Lakes, Wis.",Northland Pines,2015
Arrington Farrar,21,S,"6'2""",215 lbs,Fr.,"Atlanta, Ga.",Woodward,2015
Mark Saari,21,RB,"6'0""",208 lbs,R-Fr.,"Montreal, Wis.",Hurley,2015
Caleb Kinlaw,22,RB,"5'10""",190 lbs,R-Fr.,"Goose Creek, S.C.",Goose Creek,2015
Dare Ogunbowale,23,RB,"5'11""",200 lbs,R-Jr.,"Milwaukee, Wis.",Marquette,2015
Keelon Brookins,24,ILB,"5'11""",213 lbs,R-So.,"St. Paul, Minn.",Tartan,2015
Ricky Finco,24,WR,"5'8""",185 lbs,So.,"Hartland, Wis.",Arrowhead/UW-Whitewater,2015
Derrick Tindal,25,CB,"5'11""",176 lbs,So.,"Fort Lauderdale, Fla.",Boyd Anderson,2015
Derek Straus,26,FB,"6'1""",227 lbs,R-Sr.,"Waunakee, Wis.",Waunakee,2015
Elijah Strong,26,CB,"6'0""",170 lbs,Fr.,"Oak Creek, Wis.",Oak Creek,2015
Bradrick Shaw,27,RB,"6'1""",205 lbs,Fr.,"Birmingham, Ala.",Hoover,2015
Taiwan Deal,28,RB,"6'1""",220 lbs,R-Fr.,"Capitol Heights, Md.",DeMatha,2015
Terrance Floyd,29,CB,"5'10""",198 lbs,R-Sr.,"Boynton Beach, Fla.",Santaluces,2015
Max Praschak,29,OLB,"6'2""",198 lbs,Fr.,"Somerset, Wis.",Somerset,2015
Serge Trezy,30,RB,"6'2""",202 lbs,R-Jr.,"Orlando, Fla.",Agape/Eastern Arizona,2015
Jake Whalen,30,OLB,"6'1""",229 lbs,Fr.,"Wausau, Wis.",West,2015
Lubern Figaro,31,S,"6'0""",181 lbs,So.,"Everett, Mass.",Everett,2015
Leon Jacobs,32,ILB,"6'2""",233 lbs,Jr.,"San Pedro, Calif.",Golden Valley,2015
Chikwe Obasih,34,DE,"6'3""",268 lbs,R-So.,"Brookfield, Wis.",Central,2015
Derek Watt,34,FB,"6'2""",236 lbs,R-Sr.,"Pewaukee, Wis.",Pewaukee,2015
Joe Ferguson,36,S,"6'1""",195 lbs,R-So.,"Madison, Wis.",Memorial,2015
Troy Laufenberg,36,RB,"5'10""",190 lbs,Fr.,"Waunakee, Wis.",Waunakee,2015
Andrew Endicott,37,K,"5'9""",172 lbs,Jr.,"Roseville, Calif.",Jesuit,2015
Bret Verstegen,37,S,"5'11""",182 lbs,Fr.,"Kimberly, Wis.",Kimberly,2015
John Damrow,38,TE,"6'3""",225 lbs,R-Fr.,"Delavan, Wis.",Delavan-Darien,2015
P.J. Rosowski,38,P,"6'3""",199 lbs,R-Fr.,"Stoughton, Wis.",Stoughton,2015
Zach Hintze,39,K,"6'0""",170 lbs,Fr.,"Fond du Lac, Wis.",St. Mary's Springs,2015
Jesse Hayes,41,OLB,"6'3""",233 lbs,R-Sr.,"Cincinnati, Ohio",Moeller,2015
Henry Houden,41,WR,"6'4""",194 lbs,Fr.,"Madison, Wis.",Memorial,2015
T.J. Watt,42,OLB,"6'5""",244 lbs,R-So.,"Pewaukee, Wis.",Pewaukee,2015
Ryan Connelly,43,ILB,"6'3""",233 lbs,R-Fr.,"Eden Prairie, Minn.",Eden Prairie,2015
Peter Roy,43,WR,"6'0""",186 lbs,R-Fr.,"Muskego, Wis.",Muskego,2015
Eric Steffes,44,TE,"6'5""",255 lbs,R-Jr.,"Mount Calvary, Wis.",St. Mary's Springs,2015
Alec Ingold,45,RB,"6'2""",237 lbs,Fr.,"Green Bay, Wis.",Bay Port,2015
Nick Thomas,45,ILB,"6'2""",224 lbs,Fr.,"Bradenton, Fla.",IMG Academy,2015
Austin Traylor,46,TE,"6'4""",245 lbs,R-Sr.,"Columbus, Ohio",Walnut Ridge,2015
Vince Biegel,47,OLB,"6'4""",246 lbs,R-Jr.,"Wisconsin Rapids, Wis.",Lincoln,2015
Mitchell Herl,47,TE,"6'4""",217 lbs,Fr.,"Middleton, Wis.",Middleton,2015
Jack Cichy,48,OLB,"6'2""",223 lbs,R-So.,"Somerset, Wis.",Hill Murray,2015
Kyle Penniston,49,TE,"6'4""",233 lbs,Fr.,"Orange, Calif.",Mater Dei,2015
Chris Orr,50,ILB,"6'0""",228 lbs,Fr.,"DeSoto, Texas",DeSoto,2015
Jacob Maxwell,52,OL,"6'6""",309 lbs,R-Fr.,"Greendale, Wis.",Greendale,2015
David Pfaff,52,DE,"6'2""",257 lbs,Fr.,"Mequon, Wis.",Homestead,2015
T.J. Edwards,53,ILB,"6'1""",238 lbs,R-Fr.,"Lake Villa, Ill.",Lakes Community,2015
Ty DeForest,54,ILB,"6'0""",220 lbs,Fr.,"Marshall, Wis.",Marshall,2015
Garret Dooley,55,OLB,"6'3""",234 lbs,R-So.,"Rochester, Ill.",Rochester,2015
Zack Baun,56,OLB,"6'3""",221 lbs,Fr.,"Brown Deer, Wis.",Brown Deer,2015
Alec James,57,DE,"6'3""",264 lbs,R-So.,"Brookfield, Wis.",East,2015
George Panos,58,OL,"6'5""",321 lbs,R-Fr.,"Hartland, Wis.",Arrowhead,2015
Joe Schobert,58,OLB,"6'2""",236 lbs,Sr.,"Waukesha, Wis.",West,2015
Tyler Johnson,59,OLB,"6'3""",234 lbs,Fr.,"Menasha, Wis.",Menasha,2015
Connor Udelhoven,60,LS,"6'0""",225 lbs,R-Jr.,"St. Paul, Minn.",Cretin-Derham Hall,2015
Tyler Marz,61,OL,"6'7""",325 lbs,R-Sr.,"Springfield, Minn.",Springfield,2015
Walker Williams,62,OL,"6'7""",321 lbs,R-Jr.,"Tacoma, Wash.",Baptist,2015
Michael Deiter,63,OL,"6'6""",316 lbs,R-Fr.,"Curtice, Ohio",Genoa,2015
Brett Connors,64,OL,"6'6""",310 lbs,R-Fr.,"New Berlin, Wis.",West,2015
Ryan Ramczyk,65,OL,"6'6""",297 lbs,Jr.,"Stevens Point, Wis.",Stevens Point Area,2015
Olive Sagapolu,65,NT,"6'2""",332 lbs,Fr.,"Pago Pago, American Samoa",Mater Dei (Calif.),2015
Beau Benzschawel,66,OL,"6'6""",308 lbs,R-Fr.,"Grafton, Wis.",Grafton,2015
Kelly Thomas,66,DE,"6'6""",246 lbs,Fr.,"Racine, Wis.",St. Catherine's,2015
Jon Dietzen,67,OL,"6'6""",329 lbs,Fr.,"Black Creek, Wis.",Seymour,2015
David Moorman,68,OL,"6'5""",288 lbs,Fr.,"Northville, Mich.",Northville,2015
Aidan McNamara,69,OL,"6'4""",314 lbs,R-So.,"Madison, Wis.",West,2015
Dan Voltz,70,OL,"6'3""",301 lbs,R-Jr.,"Barrington, Ill.",Barrington,2015
Ray Ball,71,OL,"6'7""",321 lbs,R-Sr.,"Columbus, Ohio",Westerville South,2015
Kevin Estes,73,OL,"6'5""",273 lbs,Fr.,"San Marcos, Calif.",San Marcos,2015
Hayden Biegel,74,OL,"6'7""",299 lbs,R-So.,"Wisconsin Rapids, Wis.",Wisconsin Rapids,2015
Gunnar Roberge,74,NT,"6'4""",299 lbs,Fr.,"Seymour, Wis.",Seymour,2015
Micah Kapoi,75,OL,"6'3""",330 lbs,R-Fr.,"Kapolei, Hawaii",Kapolei,2015
Logan Schmidt,76,OL,"6'4""",303 lbs,R-Jr.,"Gotham, Wis.",Richland Center,2015
Ian Dretzka,77,OL,"6'6""",312 lbs,Fr.,"Delafield, Wis.",Kettle Moraine,2015
Jason Erdmann,78,OL,"6'6""",326 lbs,Fr.,"Richfield, Wis.",Slinger,2015
Ben Hemer,79,OL,"6'6""",299 lbs,R-So.,"Medford, Wis.",Medford,2015
Troy Fumagalli,81,TE,"6'6""",247 lbs,R-So.,"Aurora, Ill.",Waubonsie Valley,2015
A.J. Jordan,82,WR,"6'0""",195 lbs,R-Sr.,"Dayton, Ohio",Trotwood Madison,2015
Andrew James,84,WR,"6'0""",166 lbs,Fr.,"Fort Lauderdale,                                                                Fla.",Cardinal Gibbons,2015
Krenwick Sanders,85,WR,"6'2""",204 lbs,So.,"Jesup, Ga.",Wayne County,2015
Alex Erickson,86,WR,"6'0""",197 lbs,R-Sr.,"Darlington, Wis.",Darlington,2015
George Rushing,87,WR,"6'1""",180 lbs,So.,"Miramar, Fla.",Cardinal Gibbons,2015
David Edwards,89,TE,"6'7""",239 lbs,Fr.,"Downers Grove, Ill.",North,2015
Drew Meyer,90,P,"6'3""",189 lbs,R-Sr.,"Hartland, Wis.",Arrowhead,2015
Zander Neuville,91,DE,"6'5""",255 lbs,R-Fr.,"Waupaca, Wis.",Waupaca,2015
Jeremy Patterson,92,NT,"6'3""",335 lbs,R-Fr.,"Screven, Ga.",Wayne County,2015
Jake Keefer,93,DE,"6'3""",273 lbs,R-Sr.,"Woodville, Wis.",Baldwin-Woodville,2015
Conor Sheehy,94,NT,"6'4""",272 lbs,So.,"Milwaukee, Wis.",Marquette,2015
Arthur Goldberg,95,DE,"6'3""",296 lbs,R-Jr.,"Mount Lebanon, Pa.",Mount Lebanon,2015
Connor Allen,96,P,"6'0""",170 lbs,Fr.,"New Berlin, Wis.",Brookfield East,2015
Billy Hirschfeld,96,DE,"6'6""",287 lbs,R-Fr.,"Okauchee, Wis.",Arrowhead,2015
Jack Russell,97,K,"6'0""",175 lbs,Sr.,"Waunakee, Wis.",Waunakee,2015
Andrew Ruzek,97,DE,"6'6""",258 lbs,Fr.,"Stevens Point,                                                                Wis.",Stevens Point Area,2015
Kraig Howe,98,DE,"6'3""",241 lbs,Fr.,"Dayton, Ohio",Archbishop Alter,2015
Reggie Love,1,WR,"6'3""",225 lbs,Sr.,"Boynton Beach, Fla.",Spanish River,2016
Garret Dooley,5,OLB,"6'3""",247 lbs,Jr.,"Rochester, Ill.",Rochester,2016
Chris James,5,RB,"5'10""",208 lbs,Jr.,"Chicago, Ill.",Notre Dame College Prep/Pittsburgh,2016
Corey Clement,6,RB,"5'11""",227 lbs,Sr.,"Glassboro, N.J.",Glassboro,2016
Bradrick Shaw,7,RB,"6'1""",211 lbs,Fr.,"Birmingham, Ala.",Hoover,2016
Sojourn Shelton,8,CB,"5'9""",168 lbs,Sr.,"Fort Lauderdale, Fla.",Plantation,2016
Titus Booker,9,CB,"5'11""",190 lbs,Fr.,"Round Lake Beach, Ill.",Grayslake North,2016
Karé Lyles,9,QB,"6'0""",214 lbs,Fr.,"Scottsdale, Ariz.",Saguaro,2016
Seth Currens,10,S,"6'3""",208 lbs,Fr.,"Pickerington, Ohio",Central,2016
Nick Nelson,11,CB,"5'11""",204 lbs,Jr.,"Glenarden, Md.",Suitland/Hawai’i,2016
Jazz Peavy,11,WR,"6'0""",184 lbs,Jr.,"Kenosha, Wis.",Tremper,2016
Alex Hornibrook,12,QB,"6'4""",219 lbs,Fr.,"West Chester, Pa.",Malvern Prep,2016
Natrell Jamerson,12,CB,"6'0""",188 lbs,Jr.,"Ocala, Fla.",Vanguard,2016
Evan Bondoc,13,S,"6'1""",203 lbs,So.,"Madison, Wis.",Edgewood,2016
Bart Houston,13,QB,"6'4""",235 lbs,Sr.,"Dublin, Calif.",De La Salle,2016
D'Cota Dixon,14,S,"5'10""",197 lbs,Jr.,"Oak Hill, Fla.",New Smyrna Beach,2016
Garrett Groshek,14,QB,"5'11""",209 lbs,Fr.,"Amherst Junction, Wis.",Amherst,2016
Anthony Lotti,15,P,"6'0""",186 lbs,Fr.,"Flowery Branch, Ga.",West Hall,2016
Robert Wheelwright,15,WR,"6'3""",211 lbs,Sr.,"Columbus, Ohio",Walnut Ridge,2016
George Rushing,17,WR,"6'1""",192 lbs,Jr.,"Miramar, Fla.",Cardinal Gibbons,2016
Caesar Williams,18,CB,"6'0""",179 lbs,Fr.,"Grand Prairie, Texas",South,2016
Jack Dunn,19,WR,"5'7""",178 lbs,Fr.,"Madison, Wis.",Edgewood,2016
Leo Musso,19,S,"5'10""",194 lbs,Sr.,"Waunakee, Wis.",Waunakee,2016
Austin Ramesh,20,FB,"6'1""",251 lbs,Jr.,"Land O’ Lakes, Wis.",Northland Pines,2016
Cristian Volpentesta,20,DB,"5'9""",191 lbs,Fr.,"Highland Park, Ill.",Highland Park,2016
Arrington Farrar,21,S,"6'2""",220 lbs,So.,"Atlanta, Ga.",Woodward,2016
Mark Saari,21,RB,"6'0""",207 lbs,So.,"Montreal, Wis.",Hurley,2016
Patrick Johnson,22,S,"5'11""",203 lbs,Fr.,"Washington, D.C.",The Bullis School,2016
Dare Ogunbowale,23,RB,"5'11""",205 lbs,Sr.,"Milwaukee, Wis.",Marquette,2016
Mason Stokke,23,ILB,"6'2""",217 lbs,Fr.,"Menomonie, Wis.",Menomonie,2016
Keelon Brookins,24,S,"5'11""",218 lbs,Jr.,"St. Paul, Minn.",Tartan,2016
Adam Krumholz,24,WR,"6'1""",186 lbs,Fr.,"Stoughton, Wis.",Stoughton,2016
Derrick Tindal,25,CB,"5'11""",175 lbs,Jr.,"Fort Lauderdale, Fla.",Boyd Anderson,2016
Eric Burrell,26,S,"6'0""",184 lbs,Fr.,"Severn, Md.",McDonogh School,2016
Rafael Gaglianone,27,K,"5'11""",219 lbs,Jr.,"Sao Paulo, Brazil",Chattanooga (Tenn.) Baylor,2016
Kendric Pryor,27,WR,"5'11""",179 lbs,Fr.,"Hazel Crest, Ill.",Homewood-Flossmoor,2016
Taiwan Deal,28,RB,"6'1""",224 lbs,So.,"Capitol Heights, Md.",DeMatha,2016
Blake Mielke,28,S,"6'2""",199 lbs,Fr.,"Hartland, Wis.",Arrowhead,2016
Dontye Carriere-Williams,29,CB,"5'10""",189 lbs,Fr.,"Miami, Fla.",St. Thomas Aquinas,2016
Troy Laufenberg,29,RB,"5'10""",189 lbs,Fr.,"Waunakee, Wis.",Waunakee,2016
Aaron Maternowski,30,FB,"6'0""",239 lbs,Fr.,"Slinger, Wis.",Slinger,2016
Serge Trezy,30,CB,"6'2""",201 lbs,Sr.,"Orlando, Fla.",Agape/Eastern Arizona,2016
Lubern Figaro,31,S,"6'0""",182 lbs,Jr.,"Everett, Mass.",Everett,2016
Leon Jacobs,32,FB,"6'2""",238 lbs,Jr.,"San Pedro, Calif.",Golden Valley,2016
Sam Brodner,34,RB,"5'10""",218 lbs,Fr.,"Glen Ellyn, Ill.",Glenbard West,2016
Chikwe Obasih,34,DE,"6'3""",267 lbs,Jr.,"Brookfield, Wis.",Central,2016
Joe Ferguson,36,S,"6'1""",195 lbs,Jr.,"Madison, Wis.",Memorial,2016
Andrew Endicott,37,K,"5'9""",173 lbs,Sr.,"Roseville, Calif.",Jesuit,2016
Bret Verstegen,37,S,"5'11""",183 lbs,Fr.,"Kimberly, Wis.",Kimberly,2016
P.J. Rosowski,38,P,"6'3""",211 lbs,So.,"Stoughton, Wis.",Stoughton,2016
Zach Hintze,39,K,"6'0""",175 lbs,Fr.,"Fond du Lac, Wis.",St. Mary's Springs,2016
Jake Whalen,39,OLB,"6'1""",236 lbs,Fr.,"Wausau, Wis.",West,2016
Jake Hescock,41,TE,"6'7""",252 lbs,Fr.,"Pittsfield, Mass.",Salisbury School,2016
Max Praschak,41,OLB,"6'2""",210 lbs,Fr.,"Somerset, Wis.",Somerset,2016
Gabe Lloyd,42,TE,"6'4""",240 lbs,Fr.,"Green Bay, Wis.",Northeast Wisconsin Lutheran,2016
T.J. Watt,42,OLB,"6'5""",243 lbs,Jr.,"Pewaukee, Wis.",Pewaukee,2016
Ryan Connelly,43,ILB,"6'3""",235 lbs,So.,"Eden Prairie, Minn.",Eden Prairie,2016
Peter Roy,43,WR,"6'0""",187 lbs,So.,"Muskego, Wis.",Muskego,2016
Eric Steffes,44,TE,"6'5""",262 lbs,Sr.,"Mount Calvary, Wis.",St. Mary's Springs,2016
Alec Ingold,45,FB,"6'2""",238 lbs,So.,"Green Bay, Wis.",Bay Port,2016
Jack Popp,46,WR,"6'2""",210 lbs,Fr.,"Mequon, Wis.",Homestead,2016
Nick Thomas,46,ILB,"6'2""",240 lbs,Fr.,"Bradenton, Fla.",IMG Academy,2016
Vince Biegel,47,OLB,"6'4""",245 lbs,Sr.,"Wisconsin Rapids, Wis.",Lincoln,2016
Jack Cichy,48,ILB,"6'2""",233 lbs,Jr.,"Somerset, Wis.",Hill Murray,2016
Mitchell Herl,48,TE,"6'4""",254 lbs,Fr.,"Middleton, Wis.",Middleton,2016
Christian Bell,49,OLB,"6'4""",247 lbs,Fr.,"Birmingham, Ala.",Hoover/Alabama,2016
Kyle Penniston,49,TE,"6'4""",236 lbs,Fr.,"Orange, Calif.",Mater Dei,2016
Chris Orr,50,ILB,"6'0""",227 lbs,So.,"DeSoto, Texas",DeSoto,2016
Noah Burks,51,OLB,"6'2""",231 lbs,Fr.,"Carmel, Ind.",Carmel,2016
Griffin Grady,51,OLB,"6'3""",211 lbs,Fr.,"Dublin, Ohio",Coffman,2016
Jacob Maxwell,52,OL,"6'6""",313 lbs,So.,"Greendale, Wis.",Greendale,2016
David Pfaff,52,DE,"6'2""",269 lbs,Fr.,"Mequon, Wis.",Homestead,2016
T.J. Edwards,53,ILB,"6'1""",244 lbs,So.,"Lake Villa, Ill.",Lakes Community,2016
Zack Baun,56,OLB,"6'3""",231 lbs,Fr.,"Brown Deer, Wis.",Brown Deer,2016
Alec James,57,DE,"6'3""",266 lbs,Jr.,"Brookfield, Wis.",East,2016
Mike Maskalunas,58,ILB,"6'3""",217 lbs,Fr.,"Long Grove, Ill.",Adlai E. Stevenson,2016
Tyler Johnson,59,OLB,"6'3""",239 lbs,Fr.,"Menasha, Wis.",Menasha,2016
Connor Udelhoven,60,LS,"6'0""",228 lbs,Sr.,"St. Paul, Minn.",Cretin-Derham Hall,2016
Tyler Biadasz,61,OL,"6'3""",291 lbs,Fr.,"Amherst, Wis.",Amherst,2016
Patrick Kasl,62,OL,"6'5""",291 lbs,Fr.,"Wyoming, Minn.",Forest Lake,2016
Michael Deiter,63,OL,"6'6""",325 lbs,So.,"Curtice, Ohio",Genoa,2016
Brett Connors,64,OL,"6'6""",306 lbs,So.,"New Berlin, Wis.",West,2016
Ryan Ramczyk,65,OL,"6'6""",314 lbs,Jr.,"Stevens Point, Wis.",Stevens Point Area,2016
Olive Sagapolu,65,NT,"6'2""",340 lbs,So.,"Pago Pago, American Samoa",Mater Dei (Calif.),2016
Beau Benzschawel,66,OL,"6'6""",321 lbs,So.,"Grafton, Wis.",Grafton,2016
Kelly Thomas,66,DE,"6'6""",274 lbs,Fr.,"Racine, Wis.",St. Catherine's,2016
Jon Dietzen,67,OL,"6'6""",333 lbs,Fr.,"Black Creek, Wis.",Seymour,2016
David Moorman,68,OL,"6'5""",305 lbs,Fr.,"Northville, Mich.",Northville,2016
Hegeman Tiedt,68,DE,"6'4""",235 lbs,Fr.,"Burlington, Wis.",Burlington,2016
Cole Van Lanen,71,OL,"6'5""",287 lbs,Fr.,"Green Bay, Wis.",Bay Port,2016
Kevin Estes,73,OL,"6'5""",263 lbs,Fr.,"San Marcos, Calif.",San Marcos,2016
Gunnar Roberge,74,NT,"6'4""",281 lbs,Fr.,"Seymour, Wis.",Seymour,2016
Micah Kapoi,75,OL,"6'3""",334 lbs,So.,"Kapolei, Hawaii",Kapolei,2016
Ian Dretzka,77,OL,"6'6""",322 lbs,Fr.,"Delafield, Wis.",Kettle Moraine,2016
Jason Erdmann,78,OL,"6'6""",324 lbs,Fr.,"Richfield, Wis.",Slinger,2016
David Edwards,79,OL,"6'7""",285 lbs,Fr.,"Downers Grove, Ill.",North,2016
Troy Fumagalli,81,TE,"6'6""",248 lbs,Jr.,"Aurora, Ill.",Waubonsie Valley,2016
Henry Houden,82,WR,"6'4""",204 lbs,Fr.,"Madison, Wis.",Memorial,2016
A.J. Taylor,84,WR,"5'11""",194 lbs,Fr.,"Kansas City, Mo.",Rockhurst,2016
Zander Neuville,85,TE,"6'5""",270 lbs,So.,"Waupaca, Wis.",Waupaca,2016
Ricky Finco,86,WR,"5'8""",188 lbs,So.,"Hartland, Wis.",Arrowhead/UW-Whitewater,2016
Quintez Cephus,87,WR,"6'1""",195 lbs,Fr.,"Macon, Ga.",Stratford Academy,2016
Connor Allen,90,P,"6'0""",167 lbs,Fr.,"New Berlin, Wis.",Brookfield East,2016
Luke Benzschawel,90,TE,"6'6""",259 lbs,Fr.,"Grafton, Wis.",Grafton,2016
Jeremy Patterson,92,NT,"6'3""",350 lbs,So.,"Screven, Ga.",Wayne County,2016
Garrett Rand,93,DE,"6'2""",274 lbs,Fr.,"Chandler, Ariz.",Hamilton,2016
Conor Sheehy,94,DE,"6'4""",288 lbs,Jr.,"Milwaukee, Wis.",Marquette,2016
Keldric Preston,95,OLB,"6'4""",259 lbs,Fr.,"Tampa, Fla.",Robinson,2016
Billy Hirschfeld,96,DE,"6'6""",290 lbs,So.,"Okauchee, Wis.",Arrowhead,2016
Isaiahh Loudermilk,97,DE,"6'7""",277 lbs,Fr.,"Howard, Kan.",West Elk,2016
Kraig Howe,98,DE,"6'3""",268 lbs,Fr.,"Dayton, Ohio",Archbishop Alter,2016
Patrick Johnson,2,S,"5'11""",204 lbs,So.,"Washington, D.C.",The Bullis School,2017
Kendric Pryor,3,WR,"5'11""",185 lbs,Fr.,"Hazel Crest, Ill.",Homewood-Flossmoor,2017
A.J. Taylor,4,WR,"5'11""",202 lbs,So.,"Kansas City, Mo.",Rockhurst,2017
Garret Dooley,5,OLB,"6'3""",246 lbs,Sr.,"Rochester, Ill.",Rochester,2017
Chris James,5,RB,"5'10""",219 lbs,Jr.,"Chicago, Ill.",Notre Dame College Prep/Pittsburgh,2017
Danny Davis III,6,WR,"6'0""",186 lbs,Fr.,"Springfield, Ohio",Springfield,2017
Bradrick Shaw,7,RB,"6'1""",220 lbs,So.,"Birmingham, Ala.",Hoover,2017
Joe Ferguson,8,S,"6'1""",195 lbs,Sr.,"Madison, Wis.",Memorial,2017
Rachid Ibrahim,9,RB,"6'0""",195 lbs,Sr.,"Rockville, Md.",Avalon/Pittsburgh,2017
Jack Coan,10,QB,"6'3""",202 lbs,Fr.,"Sayville, N.Y.",Sayville,2017
Seth Currens,10,S,"6'3""",213 lbs,Fr.,"Pickerington, Ohio",Central,2017
Nick Nelson,11,CB,"5'11""",208 lbs,Jr.,"Glenarden, Md.",Suitland/Hawai’i,2017
Jazz Peavy,11,WR,"6'0""",189 lbs,Sr.,"Kenosha, Wis.",Tremper,2017
Alex Hornibrook,12,QB,"6'4""",215 lbs,So.,"West Chester, Pa.",Malvern Prep,2017
Natrell Jamerson,12,S,"6'0""",198 lbs,Sr.,"Ocala, Fla.",Vanguard,2017
Evan Bondoc,13,S,"6'1""",201 lbs,Jr.,"Madison, Wis.",Edgewood,2017
D'Cota Dixon,14,S,"5'10""",204 lbs,Jr.,"Oak Hill, Fla.",New Smyrna Beach,2017
Anthony Lotti,15,P,"6'0""",191 lbs,So.,"Flowery Branch, Ga.",West Hall,2017
Danny Vanden Boom,15,QB,"6'5""",197 lbs,Fr.,"Kimberly, Wis.",Kimberly,2017
Jack Dunn,16,WR,"5'7""",180 lbs,Fr.,"Madison, Wis.",Edgewood,2017
George Rushing,17,WR,"6'1""",200 lbs,Sr.,"Miramar, Fla.",Cardinal Gibbons,2017
Andrew Van Ginkel,17,OLB,"6'4""",234 lbs,Jr.,"Rock Valley, Iowa",Rock Valley/Iowa Western C.C.,2017
Arrington Farrar,18,ILB,"6'2""",237 lbs,Jr.,"Atlanta, Ga.",Woodward,2017
Karé Lyles,19,QB,"6'0""",212 lbs,Fr.,"Scottsdale, Ariz.",Saguaro,2017
Faion Hicks,20,CB,"5'10""",186 lbs,Fr.,"Miami, Fla.",Flanagan,2017
Austin Ramesh,20,FB,"6'1""",255 lbs,Sr.,"Land O’ Lakes, Wis.",Northland Pines,2017
Mark Saari,21,RB,"6'0""",219 lbs,Jr.,"Montreal, Wis.",Hurley,2017
Caesar Williams,21,CB,"6'0""",183 lbs,Fr.,"Grand Prairie, Texas",South,2017
Cade Green,22,WR,"5'11""",185 lbs,Fr.,"Austin, Texas",Lake Travis,2017
Mason Stokke,23,ILB,"6'2""",226 lbs,Fr.,"Menomonie, Wis.",Menomonie,2017
Jonathan Taylor,23,RB,"5'11""",214 lbs,Fr.,"Salem, N.J.",Salem,2017
Madison Cone,24,CB,"5'9""",178 lbs,Fr.,"Kernersville, N.C.",East Forsyth,2017
Adam Krumholz,24,WR,"6'1""",201 lbs,Fr.,"Stoughton, Wis.",Stoughton,2017
Scott Nelson,25,S,"6'2""",194 lbs,Fr.,"Detroit, Mich.",University of Detroit Jesuit,2017
Derrick Tindal,25,CB,"5'11""",181 lbs,Sr.,"Fort Lauderdale, Fla.",Boyd Anderson,2017
Eric Burrell,26,S,"6'0""",187 lbs,Fr.,"Severn, Md.",McDonogh School,2017
Chris Clementi,26,WR,"5'11""",181 lbs,Jr.,"Wausau, Wis.",West,2017
Rafael Gaglianone,27,K,"5'11""",232 lbs,Jr.,"Sao Paulo, Brazil",Chattanooga (Tenn.) Baylor,2017
Cristian Volpentesta,27,CB,"5'9""",191 lbs,Fr.,"Highland Park, Ill.",Highland Park,2017
Taiwan Deal,28,RB,"6'1""",219 lbs,Jr.,"Capitol Heights, Md.",DeMatha,2017
Blake Mielke,28,S,"6'2""",200 lbs,So.,"Hartland, Wis.",Arrowhead,2017
Dontye Carriere-Williams,29,CB,"5'10""",192 lbs,Fr.,"Miami, Fla.",St. Thomas Aquinas,2017
Coy Wanner,30,TE,"6'3""",247 lbs,Fr.,"Green Bay, Wis.",Preble,2017
Lubern Figaro,31,CB,"6'0""",188 lbs,Sr.,"Everett, Mass.",Everett,2017
Tyler Mais,31,S,"6'1""",202 lbs,Fr.,"Waunakee, Wis.",Waunakee,2017
Jake Collinsworth,32,ILB,"6'1""",225 lbs,Fr.,"Merrill, Wis.",Merrill,2017
Leon Jacobs,32,OLB,"6'2""",245 lbs,Sr.,"San Pedro, Calif.",Golden Valley,2017
Sam Brodner,34,RB,"5'10""",216 lbs,Fr.,"Glen Ellyn, Ill.",Glenbard West,2017
Chikwe Obasih,34,DE,"6'3""",275 lbs,Sr.,"Brookfield, Wis.",Central,2017
Hunter Johnson,36,RB,"6'0""",209 lbs,Fr.,"Darlington, Wis.",Darlington,2017
Kobe Knaak,36,S,"5'9""",180 lbs,Fr.,"Franklin, Wis.",Franklin,2017
Ethan Cesarz,37,ILB,"6'0""",237 lbs,Fr.,"Delavan, Wis.",Delavan-Darien,2017
Garrett Groshek,37,RB,"5'11""",216 lbs,Fr.,"Amherst Junction, Wis.",Amherst,2017
Sam DeLany,38,WR,"5'10""",162 lbs,Fr.,"Delafield, Wis.",Kettle Moraine,2017
P.J. Rosowski,38,P,"6'3""",217 lbs,Jr.,"Stoughton, Wis.",Stoughton,2017
Zach Hintze,39,K,"6'0""",182 lbs,So.,"Fond du Lac, Wis.",St. Mary's Springs,2017
Jake Whalen,39,FB,"6'1""",246 lbs,So.,"Wausau, Wis.",West,2017
Noah Burks,41,OLB,"6'2""",230 lbs,Fr.,"Carmel, Ind.",Carmel,2017
Paul Jackson,41,WR,"6'3""",214 lbs,Jr.,"Miami Gardens, Fla.",Youngstown (Ohio) Ursuline,2017
Ryan Connelly,43,ILB,"6'3""",228 lbs,Jr.,"Eden Prairie, Minn.",Eden Prairie,2017
Peter Roy,43,WR,"6'0""",195 lbs,Jr.,"Muskego, Wis.",Muskego,2017
Alec Ingold,45,FB,"6'2""",246 lbs,Jr.,"Green Bay, Wis.",Bay Port,2017
Hegeman Tiedt,45,OLB,"6'4""",237 lbs,Fr.,"Burlington, Wis.",Burlington,2017
Gabe Lloyd,46,TE,"6'4""",247 lbs,Fr.,"Green Bay, Wis.",Northeast Wisconsin Lutheran,2017
Nick Thomas,46,ILB,"6'2""",225 lbs,So.,"Bradenton, Fla.",IMG Academy,2017
Griffin Grady,47,ILB,"6'3""",225 lbs,So.,"Dublin, Ohio",Coffman,2017
Jack Cichy,48,ILB,"6'2""",234 lbs,Sr.,"Somerset, Wis.",Hill Murray,2017
Kyle Penniston,49,TE,"6'4""",244 lbs,So.,"Orange, Calif.",Mater Dei,2017
Izayah Green-May,50,OLB,"6'6""",217 lbs,Fr.,"Bolingbrook, Ill.",Bolingbrook,2017
Adam Bay,51,LS,"6'0""",224 lbs,Fr.,"Mesa, Ariz.",Desert Ridge,2017
David Pfaff,52,DE,"6'2""",275 lbs,So.,"Mequon, Wis.",Homestead,2017
T.J. Edwards,53,ILB,"6'1""",244 lbs,Jr.,"Lake Villa, Ill.",Lakes Community,2017
Chris Orr,54,ILB,"6'0""",223 lbs,So.,"DeSoto, Texas",DeSoto,2017
Christian Bell,55,OLB,"6'4""",249 lbs,Fr.,"Birmingham, Ala.",Hoover/Alabama,2017
Zack Baun,56,OLB,"6'3""",226 lbs,So.,"Brown Deer, Wis.",Brown Deer,2017
Michael Balistreri,57,DE,"6'4""",273 lbs,Fr.,"Grafton, Wis.",University School of Milwaukee,2017
Alec James,57,DE,"6'3""",272 lbs,Sr.,"Brookfield, Wis.",East,2017
Mike Maskalunas,58,ILB,"6'3""",234 lbs,Fr.,"Long Grove, Ill.",Adlai E. Stevenson,2017
Tyler Johnson,59,OLB,"6'3""",243 lbs,So.,"Menasha, Wis.",Menasha,2017
Logan Bruss,60,OL,"6'5""",281 lbs,Fr.,"Kimberly, Wis.",Kimberly,2017
Tyler Biadasz,61,OL,"6'3""",316 lbs,Fr.,"Amherst, Wis.",Amherst,2017
Patrick Kasl,62,OL,"6'5""",325 lbs,Fr.,"Wyoming, Minn.",Forest Lake,2017
Michael Deiter,63,OL,"6'6""",328 lbs,Jr.,"Curtice, Ohio",Genoa,2017
Brett Connors,64,OL,"6'6""",304 lbs,Jr.,"New Berlin, Wis.",West,2017
Tyler Beach,65,OL,"6'6""",290 lbs,Fr.,"Grafton, Wis.",Port Washington,2017
Beau Benzschawel,66,OL,"6'6""",317 lbs,Jr.,"Grafton, Wis.",Grafton,2017
Jon Dietzen,67,OL,"6'6""",336 lbs,So.,"Black Creek, Wis.",Seymour,2017
David Moorman,68,OL,"6'5""",314 lbs,So.,"Northville, Mich.",Northville,2017
Aaron Vopal,69,DE,"6'6""",298 lbs,Fr.,"De Pere, Wis.",De Pere,2017
Josh Seltzner,70,OL,"6'4""",313 lbs,Fr.,"Columbus, Wis.",Columbus,2017
Cole Van Lanen,71,OL,"6'5""",307 lbs,Fr.,"Green Bay, Wis.",Bay Port,2017
Alex Fenton,73,OL,"6'4""",299 lbs,Fr.,"Menomonie, Wis.",Menomonie,2017
Gunnar Roberge,74,NT,"6'4""",304 lbs,So.,"Seymour, Wis.",Seymour,2017
Micah Kapoi,75,OL,"6'3""",326 lbs,Jr.,"Kapolei, Hawaii",Kapolei,2017
Kayden Lyles,76,OL,"6'3""",320 lbs,Fr.,"Madison, Wis.",Middleton,2017
Blake Smithback,77,OL,"6'2""",292 lbs,Fr.,"Waunakee, Wis.",Waunakee,2017
Jason Erdmann,78,OL,"6'6""",337 lbs,So.,"Richfield, Wis.",Slinger,2017
David Edwards,79,OL,"6'7""",315 lbs,So.,"Downers Grove, Ill.",North,2017
Troy Fumagalli,81,TE,"6'6""",248 lbs,Sr.,"Aurora, Ill.",Waubonsie Valley,2017
Emmet Perry,82,WR,"6'2""",184 lbs,Fr.,"Grand Prairie, Texas",DeSoto,2017
Jake Ferguson,84,TE,"6'5""",230 lbs,Fr.,"Madison, Wis.",Memorial,2017
Zander Neuville,85,TE,"6'5""",258 lbs,Jr.,"Waupaca, Wis.",Waupaca,2017
Luke Benzschawel,86,TE,"6'6""",261 lbs,Fr.,"Grafton, Wis.",Grafton,2017
Quintez Cephus,87,WR,"6'1""",205 lbs,So.,"Macon, Ga.",Stratford Academy,2017
Deron Harrell,89,WR,"6'2""",181 lbs,Fr.,"Denver, Colo.",East,2017
Connor Allen,90,P,"6'0""",169 lbs,So.,"New Berlin, Wis.",Brookfield East,2017
Josh Bernhagen,91,LS,"6'2""",236 lbs,Fr.,"Madison, Wis.",La Follette,2017
Garrett Rand,93,NT,"6'2""",272 lbs,So.,"Chandler, Ariz.",Hamilton,2017
Matt Henningsen,94,DE,"6'3""",275 lbs,Fr.,"Menomonee Falls, Wis.",Menomonee Falls,2017
Conor Sheehy,94,DE,"6'4""",293 lbs,Sr.,"Milwaukee, Wis.",Marquette,2017
Keldric Preston,95,DE,"6'4""",257 lbs,Fr.,"Tampa, Fla.",Robinson,2017
Billy Hirschfeld,96,DE,"6'6""",305 lbs,Jr.,"Okauchee, Wis.",Arrowhead,2017
Isaiahh Loudermilk,97,DE,"6'7""",306 lbs,Fr.,"Howard, Kan.",West Elk,2017
Kraig Howe,98,DE,"6'3""",278 lbs,So.,"Dayton, Ohio",Archbishop Alter,2017
Collin Larsh,98,K,"5'10""",182 lbs,Fr.,"Marshall, Wis.",Monona Grove,2017
Olive Sagapolu,99,NT,"6'2""",346 lbs,Jr.,"Pago Pago, American Samoa",Mater Dei (Calif.),2017
Aron Cruickshank,1,WR,"5'9""",154 lbs,Fr.,"Brooklyn, N.Y.",Erasmus Hall,2018
Chase Wolf,2,QB,"6'1""",189 lbs,Fr.,"Cincinnati, Ohio",Saint Xavier,2018
Kendric Pryor,3,WR,"5'11""",181 lbs,So.,"Hazel Crest, Ill.",Homewood-Flossmoor,2018
Donte Burton,4,CB,"5'10""",181 lbs,Fr.,"Loganville, Ga.",Loganville,2018
A.J. Taylor,4,WR,"5'11""",203 lbs,Jr.,"Kansas City, Mo.",Rockhurst,2018
Chris James,5,RB,"5'10""",222 lbs,Sr.,"Chicago, Ill.",Notre Dame College Prep/Pittsburgh,2018
Rachad Wildgoose,5,CB,"5'11""",193 lbs,Fr.,"Miami, Fla.",Northwestern,2018
Danny Davis III,6,WR,"6'0""",196 lbs,So.,"Springfield, Ohio",Springfield,2018
Reggie Pearson,7,S,"5'10""",190 lbs,Fr.,"Inkster, Mich.",River Rouge,2018
Bradrick Shaw,7,RB,"6'1""",216 lbs,Jr.,"Birmingham, Ala.",Hoover,2018
Deron Harrell,8,CB,"6'2""",182 lbs,Fr.,"Denver, Colo.",East,2018
Scott Nelson,9,S,"6'2""",202 lbs,Fr.,"Detroit, Mich.",University of Detroit Jesuit,2018
Seth Currens,10,S,"6'3""",206 lbs,So.,"Pickerington, Ohio",Central,2018
Isaac Guerendo,10,WR,"6'0""",194 lbs,Fr.,"Clayton, Ind.",Avon,2018
Alexander Smith,11,CB,"5'11""",181 lbs,Fr.,"Culver City, Calif.",Culver City,2018
Alex Hornibrook,12,QB,"6'4""",219 lbs,Jr.,"West Chester, Pa.",Malvern Prep,2018
Evan Bondoc,13,S,"6'1""",199 lbs,Sr.,"Madison, Wis.",Edgewood,2018
Mike Gregoire,13,WR,"5'10""",166 lbs,Fr.,"Green Bay, Wis.",Notre Dame Academy,2018
D'Cota Dixon,14,S,"5'10""",198 lbs,Sr.,"Oak Hill, Fla.",New Smyrna Beach,2018
Anthony Lotti,15,P,"6'0""",187 lbs,Jr.,"Flowery Branch, Ga.",West Hall,2018
Danny Vanden Boom,15,QB,"6'5""",212 lbs,Fr.,"Kimberly, Wis.",Kimberly,2018
Jack Dunn,16,WR,"5'7""",172 lbs,So.,"Madison, Wis.",Edgewood,2018
Jack Coan,17,QB,"6'3""",211 lbs,So.,"Sayville, N.Y.",Sayville,2018
Andrew Van Ginkel,17,OLB,"6'4""",236 lbs,Sr.,"Rock Valley, Iowa",Rock Valley/Iowa Western C.C.,2018
Collin Wilder,18,S,"5'10""",195 lbs,Jr.,"Katy, Texas",Katy,2018
Nate Carter,19,QB,"6'5""",200 lbs,Fr.,"Waunakee, Wis.",Waunakee,2018
John Torchio,19,S,"6'1""",197 lbs,Fr.,"Lafayette, Calif.",Campolindo,2018
Faion Hicks,20,CB,"5'10""",184 lbs,Fr.,"Miami, Fla.",Flanagan,2018
Mark Saari,21,RB,"6'0""",207 lbs,Sr.,"Montreal, Wis.",Hurley,2018
Caesar Williams,21,CB,"6'0""",185 lbs,So.,"Grand Prairie, Texas",South,2018
Cade Green,22,WR,"5'11""",186 lbs,Fr.,"Austin, Texas",Lake Travis,2018
Jacob Heyroth,22,ILB,"6'0""",204 lbs,Fr.,"Lodi, Wis.",Lodi,2018
Mason Stokke,23,ILB,"6'2""",225 lbs,So.,"Menomonie, Wis.",Menomonie,2018
Jonathan Taylor,23,RB,"5'11""",221 lbs,So.,"Salem, N.J.",Salem,2018
Adam Krumholz,24,WR,"6'1""",194 lbs,So.,"Stoughton, Wis.",Stoughton,2018
Eric Burrell,25,S,"6'0""",191 lbs,So.,"Severn, Md.",McDonogh School,2018
Nakia Watson,25,RB,"5'11""",231 lbs,Fr.,"Austin, Texas",Westlake,2018
Travian Blaylock,26,CB,"5'11""",183 lbs,Fr.,"Humble, Texas",Atascocita,2018
Rafael Gaglianone,27,K,"5'11""",238 lbs,Sr.,"Sao Paulo, Brazil",Chattanooga (Tenn.) Baylor,2018
Cristian Volpentesta,27,CB,"5'9""",184 lbs,So.,"Highland Park, Ill.",Highland Park,2018
Taiwan Deal,28,RB,"6'1""",221 lbs,Sr.,"Capitol Heights, Md.",DeMatha,2018
Brady Schipper,29,WR,"5'11""",195 lbs,Fr.,"Stoughton, Wis.",Stoughton,2018
Tyler Mais,30,S,"6'1""",200 lbs,Fr.,"Waunakee, Wis.",Waunakee,2018
Coy Wanner,30,FB,"6'3""",248 lbs,Fr.,"Green Bay, Wis.",Preble,2018
Madison Cone,31,CB,"5'9""",176 lbs,So.,"Kernersville, N.C.",East Forsyth,2018
Jake Collinsworth,32,FB,"6'1""",240 lbs,Fr.,"Merrill, Wis.",Merrill,2018
Marty Strey,32,OLB,"6'2""",214 lbs,Fr.,"Sun Prairie, Wis.",Sun Prairie,2018
C.J. Goetz,34,DE,"6'3""",238 lbs,Fr.,"Muskego, Wis.",Catholic Memorial,2018
Hunter Johnson,36,RB,"6'0""",216 lbs,Fr.,"Darlington, Wis.",Darlington,2018
Kobe Knaak,36,CB,"5'9""",186 lbs,So.,"Franklin, Wis.",Franklin,2018
Ethan Cesarz,37,ILB,"6'0""",231 lbs,Fr.,"Delavan, Wis.",Delavan-Darien,2018
Garrett Groshek,37,RB,"5'11""",218 lbs,So.,"Amherst Junction, Wis.",Amherst,2018
Paul Jackson,38,OLB,"6'3""",234 lbs,Jr.,"Miami Gardens, Fla.",Youngstown (Ohio) Ursuline,2018
P.J. Rosowski,38,P,"6'3""",224 lbs,Sr.,"Stoughton, Wis.",Stoughton,2018
Zach Hintze,39,K,"6'0""",186 lbs,Jr.,"Fond du Lac, Wis.",St. Mary's Springs,2018
Noah Burks,41,OLB,"6'2""",241 lbs,So.,"Carmel, Ind.",Carmel,2018
Jack Eschenbach,41,TE,"6'6""",213 lbs,Fr.,"Downers Grove, Ill.",Benet Academy,2018
Jaylan Franklin,42,OLB,"6'4""",214 lbs,Fr.,"Brownstown, Mich.",O.A. Carlson,2018
Ryan Connelly,43,ILB,"6'3""",237 lbs,Sr.,"Eden Prairie, Minn.",Eden Prairie,2018
John Chenal,44,FB,"6'2""",235 lbs,Fr.,"Grantsburg, Wis.",Grantsburg,2018
Alec Ingold,45,FB,"6'2""",242 lbs,Sr.,"Green Bay, Wis.",Bay Port,2018
Gabe Lloyd,46,TE,"6'4""",231 lbs,So.,"Green Bay, Wis.",Northeast Wisconsin Lutheran,2018
Hegeman Tiedt,46,OLB,"6'4""",235 lbs,So.,"Burlington, Wis.",Burlington,2018
Griffin Grady,47,ILB,"6'3""",214 lbs,So.,"Dublin, Ohio",Coffman,2018
Mason Platter,48,OLB,"6'4""",222 lbs,Fr.,"Menomonie, Wis.",Menomonie,2018
Kyle Penniston,49,TE,"6'4""",243 lbs,Jr.,"Orange, Calif.",Mater Dei,2018
Izayah Green-May,50,OLB,"6'6""",223 lbs,Fr.,"Bolingbrook, Ill.",Bolingbrook,2018
Adam Bay,51,LS,"6'0""",225 lbs,So.,"Mesa, Ariz.",Desert Ridge,2018
Josh Bernhagen,52,LS,"6'2""",229 lbs,So.,"Madison, Wis.",La Follette,2018
David Pfaff,52,DE,"6'2""",284 lbs,Jr.,"Mequon, Wis.",Homestead,2018
T.J. Edwards,53,ILB,"6'1""",242 lbs,Sr.,"Lake Villa, Ill.",Lakes Community,2018
Chris Orr,54,ILB,"6'0""",232 lbs,Jr.,"DeSoto, Texas",DeSoto,2018
Christian Bell,55,OLB,"6'4""",247 lbs,So.,"Birmingham, Ala.",Hoover/Alabama,2018
Zack Baun,56,OLB,"6'3""",230 lbs,Jr.,"Brown Deer, Wis.",Brown Deer,2018
Michael Balistreri,57,DE,"6'4""",294 lbs,Fr.,"Grafton, Wis.",University School of Milwaukee,2018
Jack Sanborn,57,ILB,"6'2""",228 lbs,Fr.,"Deer Park, Ill.",Lake Zurich,2018
Mike Maskalunas,58,ILB,"6'3""",229 lbs,So.,"Long Grove, Ill.",Adlai E. Stevenson,2018
Tyler Johnson,59,OLB,"6'3""",240 lbs,Jr.,"Menasha, Wis.",Menasha,2018
Andrew Lyons,59,OL,"6'5""",289 lbs,Fr.,"Kenosha, Wis.",Bradford,2018
Logan Bruss,60,OL,"6'5""",303 lbs,Fr.,"Kimberly, Wis.",Kimberly,2018
Tyler Biadasz,61,OL,"6'3""",319 lbs,So.,"Amherst, Wis.",Amherst,2018
Michael Deiter,63,OL,"6'6""",310 lbs,Sr.,"Curtice, Ohio",Genoa,2018
Tyler Beach,65,OL,"6'6""",311 lbs,Fr.,"Grafton, Wis.",Port Washington,2018
Beau Benzschawel,66,OL,"6'6""",315 lbs,Sr.,"Grafton, Wis.",Grafton,2018
Jon Dietzen,67,OL,"6'6""",323 lbs,Jr.,"Black Creek, Wis.",Seymour,2018
David Moorman,68,OL,"6'5""",306 lbs,Jr.,"Northville, Mich.",Northville,2018
Aaron Vopal,69,DE,"6'6""",300 lbs,Fr.,"De Pere, Wis.",De Pere,2018
Josh Seltzner,70,OL,"6'4""",333 lbs,Fr.,"Columbus, Wis.",Columbus,2018
Cole Van Lanen,71,OL,"6'5""",311 lbs,So.,"Green Bay, Wis.",Bay Port,2018
Alex Fenton,73,OL,"6'4""",313 lbs,Fr.,"Menomonie, Wis.",Menomonie,2018
Michael Furtney,74,OL,"6'5""",291 lbs,Fr.,"Milan, Mich.",Milan,2018
Gunnar Roberge,74,NT,"6'4""",300 lbs,Jr.,"Seymour, Wis.",Seymour,2018
Micah Kapoi,75,OL,"6'3""",308 lbs,Sr.,"Kapolei, Hawaii",Kapolei,2018
Kayden Lyles,76,NT,"6'3""",323 lbs,Fr.,"Madison, Wis.",Middleton,2018
Blake Smithback,77,OL,"6'2""",301 lbs,Fr.,"Waunakee, Wis.",Waunakee,2018
Jason Erdmann,78,OL,"6'6""",325 lbs,Jr.,"Richfield, Wis.",Slinger,2018
David Edwards,79,OL,"6'7""",315 lbs,Jr.,"Downers Grove, Ill.",North,2018
Taj Mustapha,81,WR,"6'0""",192 lbs,Fr.,"Southfield, Mich.",West Bloomfield,2018
Emmet Perry,82,WR,"6'2""",182 lbs,Fr.,"Grand Prairie, Texas",DeSoto,2018
Jake Ferguson,84,TE,"6'5""",239 lbs,Fr.,"Madison, Wis.",Memorial,2018
Zander Neuville,85,TE,"6'5""",252 lbs,Sr.,"Waupaca, Wis.",Waupaca,2018
Luke Benzschawel,86,TE,"6'6""",247 lbs,So.,"Grafton, Wis.",Grafton,2018
Quintez Cephus,87,WR,"6'1""",207 lbs,Jr.,"Macon, Ga.",Stratford Academy,2018
A.J. Abbott,89,WR,"6'2""",179 lbs,Fr.,"Northville, Mich.",West Bloomfield,2018
Connor Allen,90,P,"6'0""",172 lbs,Jr.,"New Berlin, Wis.",Brookfield East,2018
Isaiah Mullens,90,DE,"6'4""",283 lbs,Fr.,"Columbus, Ohio",Harvest Prep,2018
Bryson Williams,91,NT,"6'2""",301 lbs,Fr.,"Lincoln, Neb.",Southeast,2018
Matt Henningsen,92,DE,"6'3""",277 lbs,Fr.,"Menomonee Falls, Wis.",Menomonee Falls,2018
Garrett Rand,93,DE,"6'2""",278 lbs,Jr.,"Chandler, Ariz.",Hamilton,2018
Boyd Dietzen,94,DE,"6'3""",252 lbs,Fr.,"Combined Locks, Wis.",Kimberly,2018
Cormac Sampson,96,TE,"6'4""",255 lbs,Fr.,"Eau Claire, Wis.",Memorial,2018
Conor Schlichting,96,P,"6'2""",218 lbs,Fr.,"Madison, Wis.",East,2018
Isaiahh Loudermilk,97,DE,"6'7""",300 lbs,So.,"Howard, Kan.",West Elk,2018
Kraig Howe,98,DE,"6'3""",272 lbs,Jr.,"Dayton, Ohio",Archbishop Alter,2018
Collin Larsh,98,K,"5'10""",185 lbs,Fr.,"Marshall, Wis.",Monona Grove,2018
Olive Sagapolu,99,NT,"6'2""",342 lbs,Sr.,"Pago Pago, American Samoa",Mater Dei (Calif.),2018
Faion Hicks,1,CB,"5'10""",185 lbs,So.,"Miami, Fla.",Flanagan,2019
Reggie Pearson,2,S,"5'10""",197 lbs,Fr.,"Inkster, Mich.",River Rouge,2019
Chase Wolf,2,QB,"6'1""",196 lbs,Fr.,"Cincinnati, Ohio",Saint Xavier,2019
Kendric Pryor,3,WR,"5'11""",180 lbs,Jr.,"Hazel Crest, Ill.",Homewood-Flossmoor,2019
A.J. Taylor,4,WR,"5'11""",200 lbs,Sr.,"Kansas City, Mo.",Rockhurst,2019
Graham Mertz,5,QB,"6'3""",215 lbs,Fr.,"Overland Park, Kan.",Blue Valley North,2019
Rachad Wildgoose,5,CB,"5'11""",197 lbs,So.,"Miami, Fla.",Northwestern,2019
Danny Davis III,6,WR,"6'0""",194 lbs,Jr.,"Springfield, Ohio",Springfield,2019
Dean Engram,6,CB,"5'9""",164 lbs,Fr.,"Columbia, Md.",Gonzaga College HS,2019
Spencer Lytle,7,OLB,"6'2""",223 lbs,Fr.,"Redondo Beach, Calif.",St. John Bosco,2019
Bradrick Shaw,7,RB,"6'1""",216 lbs,Sr.,"Birmingham, Ala.",Hoover,2019
Deron Harrell,8,CB,"6'2""",182 lbs,So.,"Denver, Colo.",East,2019
Scott Nelson,9,S,"6'2""",204 lbs,So.,"Detroit, Mich.",University of Detroit Jesuit,2019
Seth Currens,10,TE,"6'3""",224 lbs,Jr.,"Pickerington, Ohio",Central,2019
Stephan Bracey Jr.,11,WR,"5'10""",172 lbs,Fr.,"Grand Rapids, Mich.",East Kentwood,2019
Alexander Smith,11,CB,"5'11""",182 lbs,Fr.,"Culver City, Calif.",Culver City,2019
Titus Toler,12,S,"5'11""",192 lbs,Fr.,"Long Beach, Calif.",St. John Bosco,2019
Mike Gregoire,13,WR,"5'10""",171 lbs,Fr.,"Green Bay, Wis.",Notre Dame Academy,2019
Jordan DiBenedetto,14,WR,"6'0""",190 lbs,Fr.,"Stoughton, Wis.",Stoughton,2019
Nakia Watson,14,RB,"5'11""",229 lbs,Fr.,"Austin, Texas",Westlake,2019
Anthony Lotti,15,P,"6'0""",187 lbs,Sr.,"Flowery Branch, Ga.",West Hall,2019
Danny Vanden Boom,15,QB,"6'5""",207 lbs,So.,"Kimberly, Wis.",Kimberly,2019
Jack Dunn,16,WR,"5'7""",174 lbs,Jr.,"Madison, Wis.",Edgewood,2019
Donte Burton,17,CB,"5'10""",180 lbs,Fr.,"Loganville, Ga.",Loganville,2019
Jack Coan,17,QB,"6'3""",221 lbs,Jr.,"Sayville, N.Y.",Sayville,2019
Cam Phillips,18,WR,"6'0""",176 lbs,Fr.,"San Francisco, Calif.",IMG Academy,2019
Collin Wilder,18,S,"5'10""",194 lbs,Jr.,"Katy, Texas",Katy,2019
Collin Larsh,19,K,"5'10""",184 lbs,So.,"Marshall, Wis.",Monona Grove,2019
John Torchio,19,S,"6'1""",205 lbs,Fr.,"Lafayette, Calif.",Campolindo,2019
Isaac Guerendo,20,RB,"6'0""",213 lbs,Fr.,"Clayton, Ind.",Avon,2019
Semar Melvin,20,CB,"5'11""",166 lbs,Fr.,"Pembroke Pines, Fla.",St. Thomas Aquinas,2019
Cooper Nelson,21,WR,"6'4""",187 lbs,Fr.,"Sun Prairie, Wis.",Sun Prairie,2019
Caesar Williams,21,CB,"6'0""",188 lbs,Jr.,"Grand Prairie, Texas",South,2019
Cade Green,22,WR,"5'11""",185 lbs,So.,"Austin, Texas",Lake Travis,2019
Jacob Heyroth,22,ILB,"6'0""",218 lbs,Fr.,"Lodi, Wis.",Lodi,2019
Jonathan Taylor,23,RB,"5'11""",219 lbs,Jr.,"Salem, N.J.",Salem,2019
Adam Krumholz,24,WR,"6'1""",193 lbs,Jr.,"Stoughton, Wis.",Stoughton,2019
James Williams,24,CB,"5'10""",182 lbs,Fr.,"Fort Lauderdale, Fla.",Chaminade-Madonna Prep,2019
Eric Burrell,25,S,"6'0""",195 lbs,Jr.,"Severn, Md.",McDonogh School,2019
Travian Blaylock,26,CB,"5'11""",200 lbs,Fr.,"Humble, Texas",Atascocita,2019
Cristian Volpentesta,27,CB,"5'9""",185 lbs,Jr.,"Highland Park, Ill.",Highland Park,2019
Quan Easterling,28,FB,"6'3""",238 lbs,Fr.,"Akron, Ohio",Archbishop Hoban,2019
Blake Wilcox,28,K,"6'4""",228 lbs,Fr.,"Wales, Wis.",Kettle Moraine,2019
Jackson Kollath,29,ILB,"6'1""",252 lbs,Fr.,"Menomonee Falls, Wis.",Sussex Hamilton,2019
Brady Schipper,29,RB,"5'11""",206 lbs,Fr.,"Stoughton, Wis.",Stoughton,2019
Tyler Mais,30,S,"6'1""",196 lbs,So.,"Waunakee, Wis.",Waunakee,2019
Coy Wanner,30,TE,"6'3""",236 lbs,So.,"Green Bay, Wis.",Preble,2019
Madison Cone,31,S,"5'9""",182 lbs,Jr.,"Kernersville, N.C.",East Forsyth,2019
Julius Davis,32,RB,"5'10""",189 lbs,Fr.,"Menomonee Falls, Wis.",Menomonee Falls,2019
Marty Strey,32,ILB,"6'2""",219 lbs,Fr.,"Sun Prairie, Wis.",Sun Prairie,2019
Mason Stokke,34,FB,"6'2""",239 lbs,Jr.,"Menomonie, Wis.",Menomonie,2019
Hunter Johnson,36,RB,"6'0""",220 lbs,So.,"Darlington, Wis.",Darlington,2019
Kobe Knaak,36,CB,"5'9""",189 lbs,Jr.,"Franklin, Wis.",Franklin,2019
Garrett Groshek,37,RB,"5'11""",220 lbs,Jr.,"Amherst Junction, Wis.",Amherst,2019
Dante Caputo,38,S,"5'11""",181 lbs,Fr.,"Pittsburgh, Pa.",North Allegheny,2019
Tatum Grass,39,ILB,"6'2""",222 lbs,Fr.,"Holmen, Wis.",Holmen,2019
Zach Hintze,39,K,"6'0""",190 lbs,Sr.,"Fond du Lac, Wis.",St. Mary's Springs,2019
Noah Burks,41,OLB,"6'2""",240 lbs,Jr.,"Carmel, Ind.",Carmel,2019
Jack Eschenbach,41,TE,"6'6""",224 lbs,Fr.,"Downers Grove, Ill.",Benet Academy,2019
Jaylan Franklin,42,OLB,"6'4""",222 lbs,Fr.,"Brownstown, Mich.",O.A. Carlson,2019
Hayden Rucci,43,TE,"6'4""",250 lbs,Fr.,"Lititz, Pa.",Warwick,2019
John Chenal,44,FB,"6'2""",252 lbs,So.,"Grantsburg, Wis.",Grantsburg,2019
Leo Chenal,45,ILB,"6'2""",250 lbs,Fr.,"Grantsburg, Wis.",Grantsburg,2019
Gabe Lloyd,46,TE,"6'4""",231 lbs,Jr.,"Green Bay, Wis.",Northeast Wisconsin Lutheran,2019
Clay Cundiff,47,TE,"6'3""",251 lbs,Fr.,"Wichita, Kan.",Bishop Carroll,2019
Travis Wiltjer,48,ILB,"6'2""",225 lbs,Sr.,"Maple City, Mich.",Glen Lake/Northwood,2019
Christian Bell,49,OLB,"6'4""",249 lbs,Jr.,"Birmingham, Ala.",Hoover/Alabama,2019
Logan Brown,50,OL,"6'6""",311 lbs,Fr.,"Grand Rapids, Mich.",East Kentwood,2019
Izayah Green-May,50,OLB,"6'6""",221 lbs,So.,"Bolingbrook, Ill.",Bolingbrook,2019
Adam Bay,51,LS,"6'0""",229 lbs,Jr.,"Mesa, Ariz.",Desert Ridge,2019
Gio Paez,51,DE,"6'3""",305 lbs,Fr.,"Los Angeles, Calif.",William A. Hough (N.C.),2019
Josh Bernhagen,52,LS,"6'2""",241 lbs,Jr.,"Madison, Wis.",La Follette,2019
David Pfaff,52,DE,"6'2""",288 lbs,Sr.,"Mequon, Wis.",Homestead,2019
Chris Orr,54,ILB,"6'0""",224 lbs,Sr.,"DeSoto, Texas",DeSoto,2019
Maema Njongmeta,55,ILB,"6'0""",220 lbs,Fr.,"Buffalo Grove, Ill.",Adlai E. Stevenson,2019
Zack Baun,56,OLB,"6'3""",235 lbs,Sr.,"Brown Deer, Wis.",Brown Deer,2019
Rodas Johnson,56,DE,"6'2""",293 lbs,Fr.,"Columbus, Ohio",St. Francis DeSales,2019
Michael Balistreri,57,DE,"6'4""",288 lbs,So.,"Grafton, Wis.",University School of Milwaukee,2019
Jack Sanborn,57,ILB,"6'2""",232 lbs,So.,"Deer Park, Ill.",Lake Zurich,2019
Mike Maskalunas,58,ILB,"6'3""",231 lbs,Jr.,"Long Grove, Ill.",Adlai E. Stevenson,2019
Tyler Johnson,59,OLB,"6'3""",241 lbs,Sr.,"Menasha, Wis.",Menasha,2019
Andrew Lyons,59,OL,"6'5""",311 lbs,Fr.,"Kenosha, Wis.",Bradford,2019
Logan Bruss,60,OL,"6'5""",310 lbs,So.,"Kimberly, Wis.",Kimberly,2019
Tyler Biadasz,61,OL,"6'3""",321 lbs,Jr.,"Amherst, Wis.",Amherst,2019
Logan O'Brien,62,OL,"6'4""",265 lbs,Fr.,"Fennimore, Wis.",Fennimore,2019
Peter Bowden,63,LS,"6'2""",217 lbs,Fr.,"San Diego, Calif.",Francis Parker,2019
Tyler Beach,65,OL,"6'6""",309 lbs,So.,"Grafton, Wis.",Port Washington,2019
David Moorman,68,OL,"6'5""",307 lbs,Sr.,"Northville, Mich.",Northville,2019
Aaron Vopal,69,OL,"6'6""",312 lbs,So.,"De Pere, Wis.",De Pere,2019
Josh Seltzner,70,OL,"6'4""",327 lbs,So.,"Columbus, Wis.",Columbus,2019
Cole Van Lanen,71,OL,"6'5""",312 lbs,Jr.,"Green Bay, Wis.",Bay Port,2019
Michael Furtney,74,OL,"6'5""",307 lbs,Fr.,"Milan, Mich.",Milan,2019
Gunnar Roberge,74,NT,"6'4""",292 lbs,Sr.,"Seymour, Wis.",Seymour,2019
Joe Tippmann,75,OL,"6'6""",312 lbs,Fr.,"Fort Wayne, Ind.",Bishop Dwenger,2019
Kayden Lyles,76,OL,"6'3""",321 lbs,So.,"Madison, Wis.",Middleton,2019
Blake Smithback,77,OL,"6'2""",305 lbs,So.,"Waunakee, Wis.",Waunakee,2019
Jason Erdmann,78,OL,"6'6""",328 lbs,Sr.,"Richfield, Wis.",Slinger,2019
Taj Mustapha,81,WR,"6'0""",190 lbs,Fr.,"Southfield, Mich.",West Bloomfield,2019
Emmet Perry,82,WR,"6'2""",186 lbs,So.,"Grand Prairie, Texas",DeSoto,2019
Jake Ferguson,84,TE,"6'5""",246 lbs,So.,"Madison, Wis.",Memorial,2019
Cormac Sampson,85,TE,"6'4""",280 lbs,Fr.,"Eau Claire, Wis.",Memorial,2019
Luke Benzschawel,86,TE,"6'6""",276 lbs,Jr.,"Grafton, Wis.",Grafton,2019
Quintez Cephus,87,WR,"6'1""",207 lbs,Jr.,"Macon, Ga.",Stratford Academy,2019
A.J. Abbott,89,WR,"6'2""",192 lbs,Fr.,"Northville, Mich.",West Bloomfield,2019
Connor Allen,90,P,"6'0""",168 lbs,Sr.,"New Berlin, Wis.",Brookfield East,2019
Bryson Williams,91,NT,"6'2""",300 lbs,So.,"Lincoln, Neb.",Southeast,2019
Matt Henningsen,92,DE,"6'3""",286 lbs,So.,"Menomonee Falls, Wis.",Menomonee Falls,2019
Garrett Rand,93,DE,"6'2""",279 lbs,Jr.,"Chandler, Ariz.",Hamilton,2019
Boyd Dietzen,94,DE,"6'3""",264 lbs,Fr.,"Combined Locks, Wis.",Kimberly,2019
Keeanu Benton,95,NT,"6'4""",315 lbs,Fr.,"Janesville, Wis.",Craig,2019
Conor Schlichting,96,P,"6'2""",222 lbs,So.,"Madison, Wis.",East,2019
Isaiahh Loudermilk,97,DE,"6'7""",293 lbs,Jr.,"Howard, Kan.",West Elk,2019
C.J. Goetz,98,DE,"6'3""",241 lbs,Fr.,"Muskego, Wis.",Catholic Memorial,2019
Isaiah Mullens,99,DE,"6'4""",283 lbs,Fr.,"Columbus, Ohio",Harvest Prep,2019
Faion Hicks,1,CB,"5'10""",185 lbs,Jr.,"Miami, Fla.",Flanagan,2020
Chase Wolf,2,QB,"6'1""",196 lbs,So.,"Cincinnati, Ohio",Saint Xavier,2020
Kendric Pryor,3,WR,"5'11""",180 lbs,Sr.,"Hazel Crest, Ill.",Homewood-Flossmoor,2020
Donte Burton,4,CB,"5'10""",180 lbs,So.,"Loganville, Ga.",Loganville,2020
Graham Mertz,5,QB,"6'3""",215 lbs,R-Fr.,"Overland Park, Kan.",Blue Valley North,2020
Rachad Wildgoose,5,CB,"5'11""",197 lbs,Jr.,"Miami, Fla.",Northwestern,2020
Dean Engram,6,CB,"5'9""",164 lbs,R-Fr.,"Columbia, Md.",Gonzaga College HS,2020
Danny Davis III,7,WR,"6'0""",194 lbs,Sr.,"Springfield, Ohio",Springfield,2020
Spencer Lytle,7,OLB,"6'2""",223 lbs,R-Fr.,"Redondo Beach, Calif.",St. John Bosco,2020
Jalen Berger,8,RB,"6'0""",210 lbs,Fr.,"Newark, N.J.",Don Bosco Prep,2020
Deron Harrell,8,CB,"6'2""",182 lbs,Jr.,"Denver, Colo.",East,2020
Scott Nelson,9,S,"6'2""",204 lbs,Jr.,"Detroit, Mich.",University of Detroit Jesuit,2020
Stephan Bracey Jr.,10,WR,"5'10""",172 lbs,R-Fr.,"Grand Rapids, Mich.",East Kentwood,2020
Alexander Smith,11,CB,"5'11""",182 lbs,So.,"Culver City, Calif.",Culver City,2020
Titus Toler,12,S,"5'11""",192 lbs,R-Fr.,"Long Beach, Calif.",St. John Bosco,2020
Daniel Wright,12,QB,"6'8""",215 lbs,Fr.,"Sergeant Bluff, Iowa",Sergeant Bluff-Luton,2020
Chimere Dike,13,WR,"6'1""",193 lbs,Fr.,"Waukesha, Wis.",North,2020
Nakia Watson,14,RB,"5'11""",229 lbs,So.,"Austin, Texas",Westlake,2020
John Torchio,15,S,"6'1""",205 lbs,So.,"Lafayette, Calif.",Campolindo,2020
Danny Vanden Boom,15,QB,"6'5""",207 lbs,Jr.,"Kimberly, Wis.",Kimberly,2020
Jack Dunn,16,WR,"5'7""",174 lbs,Sr.,"Madison, Wis.",Edgewood,2020
Amaun Williams,16,CB,"5'10""",185 lbs,Fr.,"Milwaukee, Wis.",Riverside,2020
Jack Coan,17,QB,"6'3""",221 lbs,Sr.,"Sayville, N.Y.",Sayville,2020
Max Lofy,17,CB,"5'10""",184 lbs,Fr.,"Colorado Springs, Colo.",Pine Creek,2020
Collin Wilder,18,S,"5'10""",194 lbs,Sr.,"Katy, Texas",Katy,2020
Nick Herbig,19,OLB,"6'2""",225 lbs,Fr.,"Kauai, Hawaii",Saint Louis School,2020
Collin Larsh,19,K,"5'10""",184 lbs,Jr.,"Marshall, Wis.",Monona Grove,2020
Isaac Guerendo,20,RB,"6'0""",213 lbs,So.,"Clayton, Ind.",Avon,2020
Semar Melvin,20,CB,"5'11""",166 lbs,R-Fr.,"Pembroke Pines, Fla.",St. Thomas Aquinas,2020
Cooper Nelson,21,WR,"6'4""",187 lbs,R-Fr.,"Sun Prairie, Wis.",Sun Prairie,2020
Caesar Williams,21,CB,"6'0""",188 lbs,Sr.,"Grand Prairie, Texas",South,2020
Jack Van Dyke,22,K,"6'5""",202 lbs,Fr.,"Neenah, Wis.",Neenah,2020
Haakon Anderson,24,WR,"6'1""",200 lbs,Fr.,"Verona, Wis.",Verona,2020
Adam Krumholz,24,WR,"6'1""",193 lbs,Sr.,"Stoughton, Wis.",Stoughton,2020
Eric Burrell,25,S,"6'0""",195 lbs,Sr.,"Severn, Md.",McDonogh School,2020
Isaac Smith,25,WR,"6'2""",190 lbs,Fr.,"Memphis, Tenn.",St. Georges,2020
Travian Blaylock,26,S,"5'11""",200 lbs,So.,"Humble, Texas",Atascocita,2020
Quan Easterling,28,FB,"6'3""",238 lbs,R-Fr.,"Akron, Ohio",Archbishop Hoban,2020
Gavin Meyers,28,K/P,"6'1""",175 lbs,Fr.,"Oshkosh, Wis.",Lourdes Academy,2020
Brady Schipper,29,S,"5'11""",206 lbs,So.,"Stoughton, Wis.",Stoughton,2020
Tyler Mais,30,S,"6'1""",196 lbs,Jr.,"Waunakee, Wis.",Waunakee,2020
Madison Cone,31,S,"5'9""",182 lbs,Sr.,"Kernersville, N.C.",East Forsyth,2020
Jordan DiBenedetto,31,WR,"6'0""",190 lbs,So.,"Stoughton, Wis.",Stoughton,2020
Julius Davis,32,RB,"5'10""",189 lbs,R-Fr.,"Menomonee Falls, Wis.",Menomonee Falls,2020
Marty Strey,32,OLB,"6'2""",219 lbs,So.,"Sun Prairie, Wis.",Sun Prairie,2020
Ross Gengler,34,ILB,"6'2""",215 lbs,Fr.,"Delavan, Wis.",Delavan-Darien,2020
Mason Stokke,34,FB,"6'2""",239 lbs,Sr.,"Menomonie, Wis.",Menomonie,2020
Kobe Knaak,36,CB,"5'9""",191 lbs,Sr.,"Franklin, Wis.",Franklin,2020
Garrett Groshek,37,RB,"5'11""",220 lbs,Sr.,"Amherst Junction, Wis.",Amherst,2020
Riley Nowakowski,37,OLB,"6'1""",236 lbs,Fr.,"Milwaukee, Wis.",Marquette University HS,2020
Dante Caputo,38,S,"5'11""",181 lbs,R-Fr.,"Pittsburgh, Pa.",North Allegheny,2020
Andy Vujnovich,38,P,"6'3""",232 lbs,Jr.,"Columbus, Wis.",Columbus,2020
Tatum Grass,39,ILB,"6'2""",222 lbs,R-Fr.,"Holmen, Wis.",Holmen,2020
Mike Gregoire,39,WR,"5'10""",171 lbs,So.,"Green Bay, Wis.",Notre Dame Academy,2020
Noah Burks,41,OLB,"6'2""",240 lbs,Sr.,"Carmel, Ind.",Carmel,2020
Jaylan Franklin,42,TE,"6'4""",222 lbs,So.,"Brownstown, Mich.",O.A. Carlson,2020
Preston Zachman,43,ILB,"6'1""",215 lbs,Fr.,"Elysburg, Pa.",Southern Columbia,2020
John Chenal,44,FB,"6'2""",252 lbs,Jr.,"Grantsburg, Wis.",Grantsburg,2020
Leo Chenal,45,ILB,"6'2""",250 lbs,So.,"Grantsburg, Wis.",Grantsburg,2020
Gabe Lloyd,46,TE,"6'4""",231 lbs,Sr.,"Green Bay, Wis.",Northeast Wisconsin Lutheran,2020
Cole Dakovich,48,TE,"6'5""",252 lbs,Fr.,"Waukesha, Wis.",Catholic Memorial,2020
Cam Large,49,TE,"6'3""",257 lbs,Fr.,"Pomfret, Conn.",Noble & Greenough,2020
Logan Brown,50,OL,"6'6""",311 lbs,R-Fr.,"Grand Rapids, Mich.",East Kentwood,2020
Izayah Green-May,50,OLB,"6'6""",221 lbs,Jr.,"Bolingbrook, Ill.",Bolingbrook,2020
Adam Bay,51,LS,"6'0""",229 lbs,Sr.,"Mesa, Ariz.",Desert Ridge,2020
Gio Paez,51,DE,"6'3""",305 lbs,R-Fr.,"Los Angeles, Calif.",William A. Hough (N.C.),2020
Josh Bernhagen,52,LS,"6'2""",245 lbs,Sr.,"Madison, Wis.",La Follette,2020
Kaden Johnson,52,OLB,"6'2""",227 lbs,Fr.,"St. Paul, Minn",Minnehaha Academy,2020
Malik Reed,53,ILB,"6'0""",218 lbs,Fr.,"Chandler, Ariz.",Chandler,2020
Jordan Turner,54,ILB,"6'1""",216 lbs,Fr.,"Farmington, Mich.",Farmington,2020
Maema Njongmeta,55,ILB,"6'0""",220 lbs,R-Fr.,"Buffalo Grove, Ill.",Adlai E. Stevenson,2020
Rodas Johnson,56,DE,"6'2""",293 lbs,R-Fr.,"Columbus, Ohio",St. Francis DeSales,2020
Jack Sanborn,57,ILB,"6'2""",232 lbs,Jr.,"Deer Park, Ill.",Lake Zurich,2020
Mike Maskalunas,58,ILB,"6'3""",231 lbs,Sr.,"Long Grove, Ill.",Adlai E. Stevenson,2020
Aaron Witt,59,OLB,"6'6""",240 lbs,Fr.,"Winona, Minn.",Winona,2020
Logan Bruss,60,OL,"6'5""",310 lbs,Jr.,"Kimberly, Wis.",Kimberly,2020
Dylan Barrett,61,OL,"6'5""",306 lbs,Fr.,"St. Charles, Ill.",East,2020
Cormac Sampson,62,OL,"6'4""",280 lbs,So.,"Eau Claire, Wis.",Memorial,2020
Tanor Bortolini,63,OL,"6'4""",,Fr.,"Kewaunee, Wis.",Kewaunee,2020
Peter Bowden,63,LS,"6'2""",217 lbs,R-Fr.,"San Diego, Calif.",Francis Parker,2020
Sean Timmis,64,OL,"6'4""",286 lbs,Fr.,"Shorewood, Wis.",Marquette University HS,2020
Tyler Beach,65,OL,"6'6""",309 lbs,Jr.,"Grafton, Wis.",Port Washington,2020
Jon Dietzen,67,OL,"6'6""",319 lbs,Sr.,"Black Creek, Wis.",Seymour,2020
Ben Barten,68,OL,"6'5""",285 lbs,Fr.,"Stratford, Wis.",Stratford,2020
Aaron Vopal,69,OL,"6'6""",312 lbs,Jr.,"De Pere, Wis.",De Pere,2020
Josh Seltzner,70,OL,"6'4""",327 lbs,Jr.,"Columbus, Wis.",Columbus,2020
Cole Van Lanen,71,OL,"6'5""",312 lbs,Sr.,"Green Bay, Wis.",Bay Port,2020
Kerry Kodanko,73,OL,"6'2""",292 lbs,Fr.,"Green Bay, Wis.",West DePere,2020
Michael Furtney,74,OL,"6'5""",307 lbs,So.,"Milan, Mich.",Milan,2020
Michael Balistreri,75,DE,"6'4""",288 lbs,Jr.,"Grafton, Wis.",University School of Milwaukee,2020
Joe Tippmann,75,OL,"6'6""",312 lbs,R-Fr.,"Fort Wayne, Ind.",Bishop Dwenger,2020
Kayden Lyles,76,OL,"6'3""",321 lbs,Jr.,"Madison, Wis.",Middleton,2020
Blake Smithback,77,OL,"6'2""",305 lbs,Jr.,"Waunakee, Wis.",Waunakee,2020
Trey Wedig,78,OL,"6'7""",320 lbs,Fr.,"Oconomowoc, Wis.",Kettle Moraine,2020
Jack Nelson,79,OL,"6'7""",289 lbs,Fr.,"Stoughton, Wis.",Stoughton,2020
Taj Mustapha,81,WR,"6'0""",190 lbs,So.,"Southfield, Mich.",West Bloomfield,2020
Jack Eschenbach,82,TE,"6'6""",224 lbs,So.,"Downers Grove, Ill.",Benet Academy,2020
Jake Ferguson,84,TE,"6'5""",246 lbs,Jr.,"Madison, Wis.",Memorial,2020
Clay Cundiff,85,TE,"6'3""",251 lbs,R-Fr.,"Wichita, Kan.",Bishop Carroll,2020
Devin Chandler,86,WR,"6'0""",176 lbs,Fr.,"Huntersville, N.C.",Hough,2020
Hayden Rucci,87,TE,"6'4""",250 lbs,R-Fr.,"Lititz, Pa.",Warwick,2020
A.J. Abbott,89,WR,"6'2""",192 lbs,So.,"Northville, Mich.",West Bloomfield,2020
James Thompson Jr.,90,DE,"6'5""",277 lbs,Fr.,"Cincinnati, Ohio",Roger Bacon,2020
Bryson Williams,91,NT,"6'2""",300 lbs,Jr.,"Lincoln, Neb.",Southeast,2020
Matt Henningsen,92,DE,"6'3""",286 lbs,Jr.,"Menomonee Falls, Wis.",Menomonee Falls,2020
Garrett Rand,93,DE,"6'2""",279 lbs,Sr.,"Chandler, Ariz.",Hamilton,2020
Boyd Dietzen,94,DE,"6'3""",264 lbs,So.,"Combined Locks, Wis.",Kimberly,2020
Keeanu Benton,95,NT,"6'4""",315 lbs,So.,"Janesville, Wis.",Craig,2020
Cade McDonald,96,DE,"6'6""",267 lbs,Fr.,"Houlton, Wis.",Hudson,2020
Conor Schlichting,96,P,"6'2""",222 lbs,Jr.,"Madison, Wis.",East,2020
Isaiahh Loudermilk,97,DE,"6'7""",293 lbs,Sr.,"Howard, Kan.",West Elk,2020
C.J. Goetz,98,OLB,"6'3""",241 lbs,So.,"Muskego, Wis.",Catholic Memorial,2020
Isaiah Mullens,99,DE,"6'4""",283 lbs,So.,"Columbus, Ohio",Harvest Prep,2020
Braelon Allen,0,RB,"6'2""",238 lbs,Fr.,"Fond du Lac, Wis.",Fond du Lac,2021
Faion Hicks,1,CB,"5'10""",192 lbs,Sr.,"Miami, Fla.",Flanagan,2021
Ricardo Hallman,2,CB,"5'10""",173 lbs,Fr.,"Miami, Fla.",University School,2021
Chase Wolf,2,QB,"6'1""",200 lbs,Jr.,"Cincinnati, Ohio",Saint Xavier,2021
T.J. Bollers,3,OLB,"6'2""",258 lbs,Fr.,"Tiffin, Iowa",Clear Creek Amana,2021
Kendric Pryor,3,WR,"5'11""",189 lbs,Sr.,"Hazel Crest, Ill.",Homewood-Flossmoor,2021
Markus Allen,4,WR,"6'1""",215 lbs,Fr.,"Dayton, Ohio",Northmont,2021
Leo Chenal,5,ILB,"6'2""",261 lbs,Jr.,"Grantsburg, Wis.",Grantsburg,2021
Graham Mertz,5,QB,"6'3""",227 lbs,So.,"Overland Park, Kan.",Blue Valley North,2021
Dean Engram,6,CB,"5'9""",168 lbs,So.,"Columbia, Md.",Gonzaga College HS,2021
Chez Mellusi,6,RB,"5'11""",204 lbs,Jr.,"Naples, Fla.",Naples,2021
Danny Davis III,7,WR,"6'0""",196 lbs,Sr.,"Springfield, Ohio",Springfield,2021
Spencer Lytle,7,OLB,"6'2""",230 lbs,So.,"Redondo Beach, Calif.",St. John Bosco,2021
Scott Nelson,9,S,"6'2""",205 lbs,Sr.,"Detroit, Mich.",University of Detroit Jesuit,2021
Stephan Bracey Jr.,10,WR,"5'10""",184 lbs,So.,"Grand Rapids, Mich.",East Kentwood,2021
Deacon Hill,10,QB,"6'3""",248 lbs,Fr.,"Santa Barbara, Calif.",Santa Barbara,2021
Skyler Bell,11,WR,"6'0""",190 lbs,Fr.,"Bronx, N.Y.",The Taft School,2021
Alexander Smith,11,CB,"5'11""",176 lbs,Jr.,"Culver City, Calif.",Culver City,2021
Max Lofy,12,CB,"5'10""",181 lbs,R-Fr.,"Colorado Springs, Colo.",Pine Creek,2021
Chimere Dike,13,WR,"6'1""",199 lbs,So.,"Waukesha, Wis.",North,2021
Preston Zachman,14,S,"6'1""",211 lbs,R-Fr.,"Elysburg, Pa.",Southern Columbia,2021
John Torchio,15,S,"6'1""",208 lbs,Jr.,"Lafayette, Calif.",Campolindo,2021
Danny Vanden Boom,15,QB,"6'5""",207 lbs,Sr.,"Kimberly, Wis.",Kimberly,2021
Jack Dunn,16,WR,"5'7""",176 lbs,Sr.,"Madison, Wis.",Edgewood,2021
Darryl Peterson,17,OLB,"6'1""",247 lbs,Fr.,"Akron, Ohio",Archbishop Hoban,2021
Collin Wilder,18,S,"5'10""",199 lbs,Sr.,"Katy, Texas",Katy,2021
Nick Herbig,19,OLB,"6'2""",227 lbs,So.,"Kauai, Hawaii",Saint Louis School,2021
Collin Larsh,19,K,"5'10""",194 lbs,Sr.,"Marshall, Wis.",Monona Grove,2021
Isaac Guerendo,20,RB,"6'0""",219 lbs,Jr.,"Clayton, Ind.",Avon,2021
Semar Melvin,20,CB,"5'11""",170 lbs,So.,"Pembroke Pines, Fla.",St. Thomas Aquinas,2021
Caesar Williams,21,CB,"6'0""",188 lbs,Sr.,"Grand Prairie, Texas",South,2021
Jack Van Dyke,22,K,"6'5""",215 lbs,So.,"Neenah, Wis.",Neenah,2021
Hunter Wohler,24,S,"6'2""",201 lbs,Fr.,"Muskego, Wis.",Muskego,2021
Jake Ratzlaff,25,ILB,"6'2""",206 lbs,Fr.,"Rosemount, Minn.",Rosemount,2021
Isaac Smith,25,WR,"6'2""",199 lbs,R-Fr.,"Memphis, Tenn.",St. Georges,2021
Travian Blaylock,26,S,"5'11""",205 lbs,Jr.,"Humble, Texas",Atascocita,2021
Haakon Anderson,27,WR,"6'1""",209 lbs,R-Fr.,"Verona, Wis.",Verona,2021
Al Ashford III,27,CB,"6'0""",175 lbs,Fr.,"Denver, Colo.",Cherry Creek,2021
Mike Gregoire,28,WR,"5'10""",186 lbs,Jr.,"Green Bay, Wis.",Notre Dame Academy,2021
Gavin Meyers,28,K/P,"6'1""",190 lbs,R-Fr.,"Oshkosh, Wis.",Lourdes Academy,2021
Brady Schipper,29,RB,"5'11""",205 lbs,Jr.,"Stoughton, Wis.",Stoughton,2021
Nate Van Zelst,29,K,"5'11""",189 lbs,Fr.,"Glenview, Ill.",Loyola Academy,2021
Tyler Mais,30,S,"6'1""",201 lbs,Sr.,"Waunakee, Wis.",Waunakee,2021
Alex Moeller,30,WR,"5'11""",166 lbs,Fr.,"Arlington Heights, Ill.",Prospect,2021
Jordan DiBenedetto,31,WR,"6'0""",193 lbs,Jr.,"Stoughton, Wis.",Stoughton,2021
Amaun Williams,31,CB,"5'10""",182 lbs,R-Fr.,"Milwaukee, Wis.",Riverside,2021
Julius Davis,32,RB,"5'10""",201 lbs,So.,"Menomonee Falls, Wis.",Menomonee Falls,2021
Marty Strey,32,OLB,"6'2""",234 lbs,Jr.,"Sun Prairie, Wis.",Sun Prairie,2021
Jackson Acker,34,RB,"6'1""",229 lbs,Fr.,"Madison, Wis.",Verona,2021
Ross Gengler,34,ILB,"6'2""",225 lbs,R-Fr.,"Delavan, Wis.",Delavan-Darien,2021
Jake Chaney,36,ILB,"5'11""",222 lbs,Fr.,"Cape Coral, Fla.",Lehigh,2021
Riley Nowakowski,37,OLB,"6'1""",244 lbs,R-Fr.,"Milwaukee, Wis.",Marquette University HS,2021
Andy Vujnovich,38,P,"6'3""",230 lbs,Sr.,"Columbus, Wis.",Columbus,2021
Tatum Grass,39,ILB,"6'2""",231 lbs,So.,"Holmen, Wis.",Holmen,2021
Noah Burks,41,OLB,"6'2""",245 lbs,Sr.,"Carmel, Ind.",Carmel,2021
Grover Bortolotti,43,RB,"5'9""",188 lbs,Fr.,"Whitefish Bay, Wis.",Whitefish Bay,2021
John Chenal,44,FB,"6'2""",256 lbs,Sr.,"Grantsburg, Wis.",Grantsburg,2021
Garrison Solliday,45,ILB,"5'11""",230 lbs,Fr.,"Eagan, Minn.",St. Thomas Academy,2021
Ayo Adebogun,46,OLB,"6'2""",214 lbs,Fr.,"Mequon, Wis.",Homestead,2021
Peter Bowden,47,LS,"6'2""",230 lbs,So.,"San Diego, Calif.",Francis Parker,2021
Jack Pugh,47,TE,"6'5""",241 lbs,Fr.,"Columbus, Ohio",Hilliard Bradley,2021
Owen Arnett,48,S,"5'11""",215 lbs,Fr.,"Delafield, Wis.",Arrowhead,2021
Cole Dakovich,48,TE,"6'5""",239 lbs,R-Fr.,"Waukesha, Wis.",Catholic Memorial,2021
Cam Large,49,TE,"6'3""",245 lbs,R-Fr.,"Pomfret, Conn.",Noble & Greenough,2021
Logan Brown,50,OL,"6'6""",311 lbs,So.,"Grand Rapids, Mich.",East Kentwood,2021
Bryan Sanborn,51,ILB,"6'1""",229 lbs,Fr.,"Deer Park, Ill.",Lake Zurich,2021
Kaden Johnson,52,OLB,"6'2""",233 lbs,R-Fr.,"St. Paul, Minn",Minnehaha Academy,2021
Jordan Turner,54,ILB,"6'1""",228 lbs,R-Fr.,"Farmington, Mich.",Farmington,2021
Maema Njongmeta,55,ILB,"6'0""",227 lbs,So.,"Buffalo Grove, Ill.",Adlai E. Stevenson,2021
Rodas Johnson,56,DE,"6'2""",286 lbs,So.,"Columbus, Ohio",St. Francis DeSales,2021
Jack Sanborn,57,ILB,"6'2""",236 lbs,Sr.,"Deer Park, Ill.",Lake Zurich,2021
Mike Maskalunas,58,ILB,"6'3""",239 lbs,Sr.,"Long Grove, Ill.",Adlai E. Stevenson,2021
Aaron Witt,59,OLB,"6'6""",249 lbs,So.,"Winona, Minn.",Winona,2021
Logan Bruss,60,OL,"6'5""",316 lbs,Sr.,"Kimberly, Wis.",Kimberly,2021
Dylan Barrett,61,OL,"6'5""",303 lbs,R-Fr.,"St. Charles, Ill.",East,2021
Cormac Sampson,62,OL,"6'4""",305 lbs,Jr.,"Eau Claire, Wis.",Memorial,2021
Tanor Bortolini,63,OL,"6'4""",306 lbs,R-Fr.,"Kewaunee, Wis.",Kewaunee,2021
Duncan McKinley,64,LS,"6'2""",222 lbs,Fr.,"Eau Claire, Wis.",Memorial,2021
Sean Timmis,64,OL,"6'4""",306 lbs,R-Fr.,"Shorewood, Wis.",Marquette University HS,2021
Tyler Beach,65,OL,"6'6""",312 lbs,Sr.,"Grafton, Wis.",Port Washington,2021
Nolan Rucci,66,OL,"6'8""",294 lbs,Fr.,"Lititz, Pa.",Warwick,2021
JP Benzschawel,67,OL,"6'6""",302 lbs,Fr.,"Grafton, Wis.",Grafton,2021
Ben Barten,68,OL,"6'5""",303 lbs,R-Fr.,"Stratford, Wis.",Stratford,2021
Zach Zei,69,LS,"6'2""",214 lbs,Fr.,"Arlington Heights, Ill.",Prospect,2021
Josh Seltzner,70,OL,"6'4""",310 lbs,Sr.,"Columbus, Wis.",Columbus,2021
Riley Mahlman,71,OL,"6'8""",300 lbs,Fr.,"Lakeville, Minn.",South,2021
Kerry Kodanko,73,OL,"6'2""",301 lbs,R-Fr.,"Green Bay, Wis.",West DePere,2021
Michael Furtney,74,OL,"6'5""",312 lbs,Jr.,"Milan, Mich.",Milan,2021
Michael Balistreri,75,DE,"6'4""",276 lbs,Sr.,"Grafton, Wis.",University School of Milwaukee,2021
Joe Tippmann,75,OL,"6'6""",320 lbs,So.,"Fort Wayne, Ind.",Bishop Dwenger,2021
Tommy Brunner,76,DE,"6'3""",254 lbs,So.,"Milwaukee, Wis.",Whitefish Bay,2021
Blake Smithback,77,OL,"6'2""",304 lbs,Sr.,"Waunakee, Wis.",Waunakee,2021
Trey Wedig,78,OL,"6'7""",315 lbs,R-Fr.,"Oconomowoc, Wis.",Kettle Moraine,2021
Jack Nelson,79,OL,"6'7""",304 lbs,R-Fr.,"Stoughton, Wis.",Stoughton,2021
Jaylan Franklin,81,TE,"6'4""",240 lbs,Jr.,"Brownstown, Mich.",O.A. Carlson,2021
Jack Eschenbach,82,TE,"6'6""",245 lbs,Jr.,"Downers Grove, Ill.",Benet Academy,2021
Jake Ferguson,84,TE,"6'5""",244 lbs,Sr.,"Madison, Wis.",Memorial,2021
Clay Cundiff,85,TE,"6'3""",244 lbs,So.,"Wichita, Kan.",Bishop Carroll,2021
Hayden Rucci,87,TE,"6'4""",260 lbs,So.,"Lititz, Pa.",Warwick,2021
A.J. Abbott,89,WR,"6'2""",196 lbs,Jr.,"Northville, Mich.",West Bloomfield,2021
James Thompson Jr.,90,DE,"6'5""",290 lbs,R-Fr.,"Cincinnati, Ohio",Roger Bacon,2021
Bryson Williams,91,NT,"6'2""",291 lbs,Sr.,"Lincoln, Neb.",Southeast,2021
Matt Henningsen,92,DE,"6'3""",291 lbs,Sr.,"Menomonee Falls, Wis.",Menomonee Falls,2021
Isaac Townsend,93,DE,"6'5""",275 lbs,So.,"Arvada, Colo.",Ralston Valley,2021
Gio Paez,94,DE,"6'3""",310 lbs,So.,"Los Angeles, Calif.",William A. Hough (N.C.),2021
Keeanu Benton,95,NT,"6'4""",317 lbs,Jr.,"Janesville, Wis.",Craig,2021
Cade McDonald,96,DE,"6'6""",278 lbs,R-Fr.,"Houlton, Wis.",Hudson,2021
Conor Schlichting,96,P,"6'2""",237 lbs,Sr.,"Madison, Wis.",East,2021
Mike Jarvis,97,DE,"6'4""",274 lbs,Fr.,"Medford, N.J.",Shawnee,2021
C.J. Goetz,98,OLB,"6'3""",243 lbs,Jr.,"Muskego, Wis.",Catholic Memorial,2021
Isaiah Mullens,99,DE,"6'4""",297 lbs,Jr.,"Columbus, Ohio",Harvest Prep,2021
Braelon Allen,0,RB,"6'2""",235 lbs,So.,"Fond du Lac, Wis.",Fond du Lac,2022
Chez Mellusi,1,RB,"5'11""",210 lbs,Sr.,"Naples, Fla.",Naples,2022
Jay Shaw,1,CB,"5'11""",187 lbs,Sr.,"Corona, Calif.",Centennial,2022
Ricardo Hallman,2,CB,"5'10""",177 lbs,R-Fr.,"Miami, Fla.",University School,2022
Chase Wolf,2,QB,"6'1""",195 lbs,Sr.,"Cincinnati, Ohio",Saint Xavier,2022
T.J. Bollers,3,OLB,"6'2""",251 lbs,R-Fr.,"Tiffin, Iowa",Clear Creek Amana,2022
Keontez Lewis,3,WR,"6'2""",190 lbs,So.,"East St. Louis, Ill.",East St. Louis,2022
A'Khoury Lyde,4,CB,"5'9""",191 lbs,Fr.,"Paterson, N.J.",DePaul Catholic,2022
Cedrick Dort Jr.,5,CB,"5'11""",183 lbs,Sr.,"Palm Beach Gardens, Fla.",Dwyer,2022
Graham Mertz,5,QB,"6'3""",216 lbs,Jr.,"Overland Park, Kan.",Blue Valley North,2022
Dean Engram,6,WR,"5'9""",170 lbs,Jr.,"Columbia, Md.",Gonzaga College HS,2022
Spencer Lytle,7,ILB,"6'2""",234 lbs,Jr.,"Redondo Beach, Calif.",St. John Bosco,2022
Avyonne Jones,8,CB,"5'11""",187 lbs,Fr.,"Southlake, Texas",Carroll,2022
Austin Brown,9,S,"6'1""",204 lbs,Fr.,"Johnston City, Ill.",Johnston City,2022
Skyler Bell,11,WR,"6'0""",190 lbs,R-Fr.,"Bronx, N.Y.",The Taft School,2022
Alexander Smith,11,CB,"5'11""",183 lbs,Sr.,"Culver City, Calif.",Culver City,2022
Marshall Howe,12,QB,"6'1""",187 lbs,Fr.,"Pacific Palisades, Calif.",Avon Old Farms (Conn.),2022
Max Lofy,12,CB,"5'10""",189 lbs,So.,"Colorado Springs, Colo.",Pine Creek,2022
Chimere Dike,13,WR,"6'1""",195 lbs,Jr.,"Waukesha, Wis.",North,2022
Kamo'i Latu,13,S,"6'0""",195 lbs,Jr.,"Honolulu, Hawaii",Saint Louis School,2022
Preston Zachman,14,S,"6'1""",208 lbs,So.,"Elysburg, Pa.",Southern Columbia,2022
Tommy McIntosh,15,WR,"6'5""",204 lbs,Fr.,"DeWitt, Mich.",DeWitt,2022
John Torchio,15,S,"6'1""",211 lbs,Sr.,"Lafayette, Calif.",Campolindo,2022
Myles Burkett,16,QB,"6'0""",204 lbs,Fr.,"Franklin, Wis.",Franklin,2022
Cade Yacamelli,16,S,"6'0""",207 lbs,Fr.,"Trafford, Pa.",Penn-Trafford,2022
Darryl Peterson,17,OLB,"6'1""",244 lbs,R-Fr.,"Akron, Ohio",Archbishop Hoban,2022
Owen Arnett,18,S,"5'11""",212 lbs,R-Fr.,"Delafield, Wis.",Arrowhead,2022
Nick Herbig,19,OLB,"6'2""",228 lbs,Jr.,"Kauai, Hawaii",Saint Louis School,2022
Isaac Guerendo,20,RB,"6'0""",223 lbs,Sr.,"Clayton, Ind.",Avon,2022
Semar Melvin,20,CB,"5'11""",170 lbs,Jr.,"Pembroke Pines, Fla.",St. Thomas Aquinas,2022
Justin Clark,21,CB,"5'11""",180 lbs,Sr.,"Pontiac, Mich.",West Bloomfield,2022
Cam Fane,21,WR,"6'1""",176 lbs,Fr.,"Arlington, Texas",Madison Edgewood (Wis.),2022
Jack Van Dyke,22,K,"6'5""",214 lbs,Jr.,"Neenah, Wis.",Neenah,2022
Cole Toennies,24,WR,"6'2""",186 lbs,Fr.,"Middleton, Wis.",Middleton,2022
Hunter Wohler,24,S,"6'2""",210 lbs,So.,"Muskego, Wis.",Muskego,2022
Jake Ratzlaff,25,ILB,"6'2""",225 lbs,R-Fr.,"Rosemount, Minn.",Rosemount,2022
Travian Blaylock,26,S,"5'11""",198 lbs,Sr.,"Humble, Texas",Atascocita,2022
Grady O'Neill,26,WR,"5'11""",165 lbs,Fr.,"Prior Lake, Minn.",St. Thomas Academy,2022
Haakon Anderson,27,WR,"6'1""",209 lbs,So.,"Verona, Wis.",Verona,2022
Mike Gregoire,28,WR,"5'10""",187 lbs,Sr.,"Green Bay, Wis.",Notre Dame Academy,2022
Gavin Meyers,28,P,"6'1""",194 lbs,So.,"Oshkosh, Wis.",Lourdes Academy,2022
Brady Schipper,29,RB,"5'11""",202 lbs,Sr.,"Stoughton, Wis.",Stoughton,2022
Nate Van Zelst,29,K,"5'11""",184 lbs,R-Fr.,"Glenview, Ill.",Loyola Academy,2022
Al Ashford III,30,CB,"6'0""",181 lbs,R-Fr.,"Denver, Colo.",Cherry Creek,2022
Alex Moeller,30,WR,"5'11""",177 lbs,R-Fr.,"Arlington Heights, Ill.",Prospect,2022
Jordan DiBenedetto,31,WR,"6'0""",200 lbs,Sr.,"Stoughton, Wis.",Stoughton,2022
Amaun Williams,31,CB,"5'10""",177 lbs,So.,"Milwaukee, Wis.",Riverside,2022
Julius Davis,32,RB,"5'10""",201 lbs,Jr.,"Menomonee Falls, Wis.",Menomonee Falls,2022
Marty Strey,32,OLB,"6'2""",225 lbs,Sr.,"Sun Prairie, Wis.",Sun Prairie,2022
Jackson Acker,34,RB,"6'1""",238 lbs,R-Fr.,"Madison, Wis.",Verona,2022
Charlie Jarvis,34,S,"6'1""",198 lbs,Fr.,"Hartland, Wis.",Catholic Memorial,2022
Jake Chaney,36,ILB,"5'11""",229 lbs,So.,"Cape Coral, Fla.",Lehigh,2022
Bryce Carey,37,S,"6'1""",198 lbs,Jr.,"Middleton, Wis.",Middleton,2022
Riley Nowakowski,37,FB,"6'1""",237 lbs,So.,"Milwaukee, Wis.",Marquette University HS,2022
Lee Hutton,38,CB,"5'10""",176 lbs,Fr.,"Minnetonka, Minn.",Hopkins,2022
Andy Vujnovich,38,P,"6'3""",230 lbs,Sr.,"Columbus, Wis.",Columbus,2022
Tatum Grass,39,ILB,"6'2""",232 lbs,Jr.,"Holmen, Wis.",Holmen,2022
JT Seagreaves,41,TE,"6'6""",224 lbs,Fr.,"Monroe, Wis.",Monroe,2022
Titus Toler,41,S,"5'11""",195 lbs,R-Jr.,"Long Beach, Calif.",St. John Bosco,2022
Grover Bortolotti,43,RB,"5'9""",192 lbs,R-Fr.,"Whitefish Bay, Wis.",Whitefish Bay,2022
Jackson Trudgeon,43,S,"6'1""",196 lbs,Fr.,"Fitchburg, Wis.",Madison Edgewood,2022
Zach Gloudeman,44,FB,"6'2""",218 lbs,Fr.,"Spring Green, Wis.",River Valley,2022
Garrison Solliday,45,ILB,"5'11""",240 lbs,R-Fr.,"Eagan, Minn.",St. Thomas Academy,2022
Deven Magli,46,S,"6'1""",192 lbs,Fr.,"DeForest, Wis.",DeForest,2022
Peter Bowden,47,LS,"6'2""",230 lbs,Jr.,"San Diego, Calif.",Francis Parker,2022
Cole Dakovich,48,TE,"6'5""",250 lbs,So.,"Waukesha, Wis.",Catholic Memorial,2022
Cam Large,49,TE,"6'3""",235 lbs,So.,"Pomfret, Conn.",Noble & Greenough,2022
Aidan Vaughan,50,ILB,"6'2""",213 lbs,Fr.,"Wixom, Mich.",Walled Lake Western,2022
Bryan Sanborn,51,ILB,"6'1""",232 lbs,R-Fr.,"Deer Park, Ill.",Lake Zurich,2022
Kaden Johnson,52,OLB,"6'2""",230 lbs,So.,"St. Paul, Minn",Minnehaha Academy,2022
Ross Gengler,53,OLB,"6'2""",230 lbs,So.,"Delavan, Wis.",Delavan-Darien,2022
Jordan Turner,54,ILB,"6'1""",225 lbs,So.,"Farmington, Mich.",Farmington,2022
Maema Njongmeta,55,ILB,"6'0""",229 lbs,Jr.,"Buffalo Grove, Ill.",Adlai E. Stevenson,2022
Joe Brunner,56,OL,"6'5""",317 lbs,Fr.,"Whitefish Bay, Wis.",Whitefish Bay,2022
Rodas Johnson,56,DE,"6'2""",293 lbs,Jr.,"Columbus, Ohio",St. Francis DeSales,2022
Luna Larson,57,ILB,"6'2""",216 lbs,Fr.,"Baraboo, Wis.",Baraboo,2022
Gabe Kirschke,58,DL,"6'5""",234 lbs,Fr.,"Lone Tree, Colo.",Valor Christian,2022
Aaron Witt,59,OLB,"6'6""",255 lbs,So.,"Winona, Minn.",Winona,2022
Dylan Barrett,61,OL,"6'5""",320 lbs,So.,"St. Charles, Ill.",East,2022
Tanor Bortolini,63,OL,"6'4""",313 lbs,So.,"Kewaunee, Wis.",Kewaunee,2022
Duncan McKinley,64,LS,"6'2""",224 lbs,So.,"Eau Claire, Wis.",Memorial,2022
Sean Timmis,64,OL,"6'4""",305 lbs,So.,"Shorewood, Wis.",Marquette University HS,2022
Tyler Beach,65,OL,"6'6""",317 lbs,Sr.,"Grafton, Wis.",Port Washington,2022
Nolan Rucci,66,OL,"6'8""",297 lbs,R-Fr.,"Lititz, Pa.",Warwick,2022
JP Benzschawel,67,OL,"6'6""",302 lbs,R-Fr.,"Grafton, Wis.",Grafton,2022
Ben Barten,68,DE,"6'5""",300 lbs,So.,"Stratford, Wis.",Stratford,2022
Zach Zei,69,LS,"6'2""",221 lbs,R-Fr.,"Arlington Heights, Ill.",Prospect,2022
Barrett Nelson,70,OL,"6'6""",277 lbs,Fr.,"Stoughton, Wis.",Stoughton,2022
Riley Mahlman,71,OL,"6'8""",315 lbs,R-Fr.,"Lakeville, Minn.",South,2022
Kerry Kodanko,73,OL,"6'2""",305 lbs,So.,"Green Bay, Wis.",West DePere,2022
Michael Furtney,74,OL,"6'5""",315 lbs,Sr.,"Milan, Mich.",Milan,2022
Joe Tippmann,75,OL,"6'6""",317 lbs,Jr.,"Fort Wayne, Ind.",Bishop Dwenger,2022
Tommy Brunner,76,DE,"6'3""",260 lbs,Jr.,"Milwaukee, Wis.",Whitefish Bay,2022
John Clifford,76,OL,"6'5""",273 lbs,Fr.,"Watertown, Wis.",Watertown,2022
Drew Evans,77,OL,"6'4""",275 lbs,Fr.,"Fort Atkinson, Wis.",Fort Atkinson,2022
Trey Wedig,78,OL,"6'7""",315 lbs,So.,"Oconomowoc, Wis.",Kettle Moraine,2022
Jack Nelson,79,OL,"6'7""",310 lbs,So.,"Stoughton, Wis.",Stoughton,2022
Jaylan Franklin,81,TE,"6'4""",243 lbs,Sr.,"Brownstown, Mich.",O.A. Carlson,2022
Jack Eschenbach,82,TE,"6'6""",241 lbs,Sr.,"Downers Grove, Ill.",Benet Academy,2022
Chris Brooks Jr.,84,WR,"6'2""",215 lbs,Fr.,"St. Louis, Mo.",St. Louis University School,2022
Clay Cundiff,85,TE,"6'3""",236 lbs,Jr.,"Wichita, Kan.",Bishop Carroll,2022
Vinny Anthony II,86,WR,"6'0""",171 lbs,Fr.,"Louisville, Ky.",Male,2022
Hayden Rucci,87,TE,"6'4""",256 lbs,Jr.,"Lititz, Pa.",Warwick,2022
Jack Pugh,89,TE,"6'5""",236 lbs,R-Fr.,"Columbus, Ohio",Hilliard Bradley,2022
James Thompson Jr.,90,DE,"6'5""",295 lbs,So.,"Cincinnati, Ohio",Roger Bacon,2022
Vito Calvaruso,91,K,"6'3""",200 lbs,Jr.,"Jefferson City, Mo.",Helias Catholic,2022
Tristan Monday,91,DL,"6'4""",276 lbs,Fr.,"Scottsdale, Ariz",Saguaro,2022
Curt Neal,92,NT,"6'0""",290 lbs,Fr.,"Cornelius, N.C.",William A. Hough,2022
Isaac Townsend,93,DE,"6'5""",283 lbs,Jr.,"Arvada, Colo.",Ralston Valley,2022
Gio Paez,94,DE,"6'3""",316 lbs,Jr.,"Los Angeles, Calif.",William A. Hough (N.C.),2022
Keeanu Benton,95,NT,"6'4""",315 lbs,Sr.,"Janesville, Wis.",Craig,2022
Cade McDonald,96,DE,"6'6""",285 lbs,So.,"Houlton, Wis.",Hudson,2022
Mike Jarvis,97,DE,"6'4""",292 lbs,R-Fr.,"Medford, N.J.",Shawnee,2022
Gavin Lahm,97,K,"6'0""",225 lbs,Fr.,"Kaukauna, Wis.",Kaukauna,2022
C.J. Goetz,98,OLB,"6'3""",240 lbs,Sr.,"Muskego, Wis.",Catholic Memorial,2022
Isaiah Mullens,99,DE,"6'4""",303 lbs,Sr.,"Columbus, Ohio",Harvest Prep,2022
Braelon Allen,0,RB,"6'2""",245 lbs,Jr.,"Fond du Lac, Wis.",Fond du Lac,2023
Chez Mellusi,1,RB,"5'11""",212 lbs,Gr.,"Naples, Fla.",Naples,2023
Ricardo Hallman,2,CB,"5'10""",185 lbs,R-So.,"Miami, Fla.",University School,2023
T.J. Bollers,3,OLB,"6'2""",270 lbs,R-So.,"Tiffin, Iowa",Clear Creek Amana,2023
C.J. Williams,4,WR,"6'1""",197 lbs,So.,"Mission Viejo, Calif.",Mater Dei,2023
Quincy Burroughs,5,WR,"6'3""",208 lbs,R-Fr.,"Jacksonville, Fla.",Raines,2023
Will Pauling,6,WR,"5'10""",187 lbs,R-So.,"Chicago, Ill.",Homewood-Flossmoor,2023
Nick Evers,7,QB,"6'3""",196 lbs,R-Fr.,"Flower Mound, Texas",Flower Mound,2023
Michael Mack,7,CB,"6'1""",180 lbs,Jr.,"Glenn Dale, Md.",Bullis School,2023
Tanner Mordecai,8,QB,"6'2""",218 lbs,R-Sr.,"Waco, Texas",Midway,2023
Austin Brown,9,S,"6'1""",210 lbs,So.,"Johnston City, Ill.",Johnston City,2023
Bryson Green,9,WR,"6'0""",215 lbs,Jr.,"Allen, Texas",Allen,2023
Nyzier Fourqurean,10,CB,"6'1""",190 lbs,Jr.,"Mentor, Ohio",Mentor,2023
Alexander Smith,11,CB,"5'11""",187 lbs,Gr.,"Culver City, Calif.",Culver City,2023
Trech Kekahuna,12,WR,"5'10""",180 lbs,Fr.,"Honolulu, Hawaii",Bishop Gorman,2023
Max Lofy,12,CB,"5'10""",190 lbs,R-Jr.,"Colorado Springs, Colo.",Pine Creek,2023
Kamo'i Latu,13,S,"6'0""",207 lbs,Sr.,"Honolulu, Hawaii",Saint Louis School,2023
Preston Zachman,14,S,"6'1""",207 lbs,R-So.,"Elysburg, Pa.",Southern Columbia,2023
Tommy McIntosh,15,WR,"6'5""",205 lbs,R-Fr.,"DeWitt, Mich.",DeWitt,2023
Myles Burkett,16,QB,"6'0""",202 lbs,R-Fr.,"Franklin, Wis.",Franklin,2023
Amare Snowden,16,CB,"6'4""",199 lbs,Fr.,"Roseville, Mich.",Roseville,2023
Cole LaCrue,17,QB,"6'1""",197 lbs,Fr.,"Broomfield, Colo.",Broomfield,2023
Darryl Peterson,17,OLB,"6'1""",245 lbs,R-So.,"Akron, Ohio",Archbishop Hoban,2023
Owen Arnett,18,S,"5'11""",208 lbs,R-So.,"Delafield, Wis.",Arrowhead,2023
Braedyn Locke,18,QB,"6'0""",200 lbs,R-Fr.,"Rockwall, Texas",Rockwall,2023
Braedyn Moore,20,S,"6'2""",200 lbs,Fr.,"Hamilton, Ohio",Stephen T. Badin,2023
Nate White,20,RB,"5'11""",170 lbs,Fr.,"Milwaukee, Wis.",Rufus King,2023
Jonas Duclona,21,CB,"5'10""",188 lbs,Fr.,"Naples, Fla.",Naples,2023
Cam Fane,21,WR,"6'1""",184 lbs,R-Fr.,"Arlington, Texas",Madison Edgewood (Wis.),2023
Jace Arnold,22,CB,"5'9""",186 lbs,Fr.,"Marietta, Ga.",Marietta,2023
Jack Van Dyke,22,P/K,"6'5""",228 lbs,Sr.,"Neenah, Wis.",Neenah,2023
Jason Maitre,23,CB,"5'10""",188 lbs,R-Sr.,"Everett, Mass.",Everett,2023
Davion Thomas-Kumpula,23,WR,"5'11""",174 lbs,Fr.,"Racine, Wis.",Saint Catherine's,2023
Hunter Wohler,24,S,"6'2""",211 lbs,Jr.,"Muskego, Wis.",Muskego,2023
Justin Taylor,25,S,"6'0""",195 lbs,Fr.,"Broadview, Ill.",Nazareth Academy,2023
Cade Yacamelli,25,RB,"6'0""",213 lbs,R-Fr.,"Trafford, Pa.",Penn-Trafford,2023
Travian Blaylock,26,S,"5'11""",208 lbs,Gr.,"Humble, Texas",Atascocita,2023
Grady O'Neill,26,WR,"5'11""",160 lbs,R-Fr.,"Prior Lake, Minn.",St. Thomas Academy,2023
Haakon Anderson,27,WR,"6'1""",210 lbs,R-Jr.,"Verona, Wis.",Verona,2023
Tyler Jansey,27,ILB,"6'0""",230 lbs,Fr.,"Batavia, Ill.",Batavia,2023
Christian Alliegro,28,LB,"6'4""",228 lbs,Fr.,"Darien, Conn.",Avon Old Farms,2023
Gavin Meyers,28,P,"6'1""",203 lbs,R-Jr.,"Oshkosh, Wis.",Lourdes Academy,2023
A.J. Tisdell,29,CB,"5'11""",189 lbs,Fr.,"College Station, Texas",College Station,2023
Nate Van Zelst,29,K,"5'11""",200 lbs,R-So.,"Glenview, Ill.",Loyola Academy,2023
Alex Moeller,30,WR,"5'11""",180 lbs,R-So.,"Arlington Heights, Ill.",Prospect,2023
Marty Strey,32,OLB,"6'2""",235 lbs,Gr.,"Sun Prairie, Wis.",Sun Prairie,2023
Jackson Acker,34,RB,"6'1""",235 lbs,R-So.,"Madison, Wis.",Verona,2023
Charlie Jarvis,34,S,"6'1""",205 lbs,R-Fr.,"Hartland, Wis.",Catholic Memorial,2023
Jake Chaney,36,ILB,"5'11""",235 lbs,Jr.,"Cape Coral, Fla.",Lehigh,2023
Bryce Carey,37,S,"6'1""",195 lbs,R-Jr.,"Middleton, Wis.",Middleton,2023
Riley Nowakowski,37,TE,"6'1""",243 lbs,R-Jr.,"Milwaukee, Wis.",Marquette University HS,2023
Tucker Ashcraft,38,TE,"6'5""",245 lbs,Fr.,"Seattle, Wash.",O'Dea,2023
Tatum Grass,39,ILB,"6'2""",234 lbs,R-Sr.,"Holmen, Wis.",Holmen,2023
JT Seagreaves,41,TE,"6'6""",245 lbs,R-Fr.,"Monroe, Wis.",Monroe,2023
Grover Bortolotti,43,RB,"5'9""",193 lbs,R-So.,"Whitefish Bay, Wis.",Whitefish Bay,2023
Jackson Trudgeon,43,S,"6'1""",202 lbs,R-Fr.,"Fitchburg, Wis.",Madison Edgewood,2023
Zach Gloudeman,44,RB,"6'2""",226 lbs,R-Fr.,"Spring Green, Wis.",River Valley,2023
Jeff Pietrowski Jr.,44,OLB,"6'2""",243 lbs,R-Jr.,"Medina, Ohio",St. Edward,2023
Garrison Solliday,45,ILB,"5'11""",233 lbs,R-So.,"Eagan, Minn.",St. Thomas Academy,2023
Deven Magli,46,S,"6'1""",198 lbs,R-Fr.,"DeForest, Wis.",DeForest,2023
Peter Bowden,47,LS,"6'2""",242 lbs,R-Sr.,"San Diego, Calif.",Francis Parker,2023
Evan Van Dyn Hoven,47,LB,"6'3""",228 lbs,Fr.,"Menasha, Wis.",Menasha,2023
Cole Dakovich,48,TE,"6'5""",255 lbs,R-Jr.,"Waukesha, Wis.",Catholic Memorial,2023
Atticus Bertrams,49,P,"6'3""",225 lbs,Fr.,"Sydney, Australia",Newington College,2023
Cam Large,49,TE,"6'3""",237 lbs,R-Sr.,"Pomfret, Conn.",Noble & Greenough,2023
Aidan Vaughan,50,ILB,"6'2""",224 lbs,R-Fr.,"Wixom, Mich.",Walled Lake Western,2023
Bryan Sanborn,51,ILB,"6'1""",230 lbs,R-So.,"Deer Park, Ill.",Lake Zurich,2023
Ross Gengler,53,OLB,"6'2""",230 lbs,R-Jr.,"Delavan, Wis.",Delavan-Darien,2023
Jordan Turner,54,ILB,"6'1""",238 lbs,R-Jr.,"Farmington, Mich.",Farmington,2023
Maema Njongmeta,55,ILB,"6'0""",240 lbs,R-Sr.,"Buffalo Grove, Ill.",Adlai E. Stevenson,2023
Joe Brunner,56,OL,"6'5""",318 lbs,R-Fr.,"Whitefish Bay, Wis.",Whitefish Bay,2023
Rodas Johnson,56,DE,"6'2""",295 lbs,R-Sr.,"Columbus, Ohio",St. Francis DeSales,2023
Jake Renfro,57,OL,"6'4""",310 lbs,R-Jr.,"Mokena, Ill.",Providence Catholic,2023
Gabe Kirschke,58,DL,"6'5""",250 lbs,R-Fr.,"Lone Tree, Colo.",Valor Christian,2023
Aaron Witt,59,OLB,"6'6""",258 lbs,R-Jr.,"Winona, Minn.",Winona,2023
Joe Huber,60,OL,"6'5""",311 lbs,R-Jr.,"Dublin, Ohio",Jerome,2023
Max Rader,62,OL,"6'6""",283 lbs,R-Fr.,"De Pere, Wis.",Notre Dame Academy,2023
Tanor Bortolini,63,OL,"6'4""",310 lbs,R-Jr.,"Kewaunee, Wis.",Kewaunee,2023
Duncan McKinley,64,LS,"6'2""",230 lbs,R-Jr.,"Eau Claire, Wis.",Memorial,2023
Sean Timmis,64,OL,"6'4""",307 lbs,R-So.,"Shorewood, Wis.",Marquette University HS,2023
James Durand,65,OL,"6'5""",303 lbs,Fr.,"Gilbert, Ariz.",Basha,2023
JP Benzschawel,67,OL,"6'6""",312 lbs,R-So.,"Grafton, Wis.",Grafton,2023
Ben Barten,68,DE,"6'5""",303 lbs,R-Jr.,"Stratford, Wis.",Stratford,2023
Zach Zei,69,LS,"6'2""",220 lbs,R-So.,"Arlington Heights, Ill.",Prospect,2023
Barrett Nelson,70,OL,"6'6""",292 lbs,R-Fr.,"Stoughton, Wis.",Stoughton,2023
Riley Mahlman,71,OL,"6'8""",320 lbs,R-So.,"Lakeville, Minn.",South,2023
Kerry Kodanko,73,OL,"6'2""",315 lbs,Jr.,"Green Bay, Wis.",West DePere,2023
Michael Furtney,74,OL,"6'5""",316 lbs,Gr.,"Milan, Mich.",Milan,2023
John Clifford,76,OL,"6'5""",304 lbs,R-Fr.,"Watertown, Wis.",Watertown,2023
Peyton Lange,77,OL,"6'9""",340 lbs,Fr.,"Minneapolis, Minn.",Minnehaha Academy,2023
Will McDonald,77,DL,"6'4""",254 lbs,Fr.,"Houlton, Wis.",Hudson,2023
Trey Wedig,78,OL,"6'7""",318 lbs,R-Jr.,"Oconomowoc, Wis.",Kettle Moraine,2023
Jack Nelson,79,OL,"6'7""",311 lbs,R-Jr.,"Stoughton, Wis.",Stoughton,2023
Angel Toombs,81,TE,"6'5""",245 lbs,Fr.,"Milwaukee, Wis.",Rufus King,2023
Michael Cerniglia Jr.,82,TE,"6'3""",240 lbs,R-Jr.,"Madison, Wis.",Memorial,2023
Chris Brooks Jr.,84,WR,"6'2""",225 lbs,R-Fr.,"St. Louis, Mo.",St. Louis University School,2023
Manny Mullens,84,DE,"6'2""",276 lbs,So.,"Columbus, Ohio",Harvest Preparatory,2023
Nolan Vils,85,DL,"6'2""",271 lbs,Fr.,"Prairie Du Sac, Wis.",Sauk Prairie,2023
Vinny Anthony II,86,WR,"6'0""",183 lbs,So.,"Louisville, Ky.",Male,2023
Hayden Rucci,87,TE,"6'4""",253 lbs,R-Sr.,"Lititz, Pa.",Warwick,2023
Jack Pugh,89,TE,"6'5""",257 lbs,R-So.,"Columbus, Ohio",Hilliard Bradley,2023
James Thompson Jr.,90,DE,"6'5""",288 lbs,R-Jr.,"Cincinnati, Ohio",Roger Bacon,2023
Nathanial Vakos,90,K,"6'1""",200 lbs,So.,"Avon, Ohio",Avon,2023
Jamel Howard,91,DL,"6'2""",318 lbs,Fr.,"Chicago, Ill.",Marist,2023
Curt Neal,92,NT,"6'0""",300 lbs,R-Fr.,"Cornelius, N.C.",William A. Hough,2023
Isaac Townsend,93,DE,"6'5""",277 lbs,R-Sr.,"Arvada, Colo.",Ralston Valley,2023
Gio Paez,94,DE,"6'3""",310 lbs,R-Sr.,"Los Angeles, Calif.",William A. Hough (N.C.),2023
Jordan Mayer,95,OLB,"6'4""",235 lbs,Fr.,"Jefferson Hills, Pa.",Thomas Jefferson,2023
Cade McDonald,96,DE,"6'6""",285 lbs,R-Jr.,"Houlton, Wis.",Hudson,2023
Mike Jarvis,97,DE,"6'4""",288 lbs,R-So.,"Medford, N.J.",Shawnee,2023
Gavin Lahm,97,K,"6'0""",216 lbs,So.,"Kaukauna, Wis.",Kaukauna,2023
C.J. Goetz,98,OLB,"6'3""",240 lbs,Gr.,"Muskego, Wis.",Catholic Memorial,2023
Isaiah Mullens,99,DE,"6'4""",298 lbs,Gr.,"Columbus, Ohio",Harvest Prep,2023
John Pius,0,OLB,"6'4""",250 lbs,R-Sr.,"Arlington, Va.",Yorktown,2024
Jake Chaney,1,ILB,"5'11""",233 lbs,Sr.,"Cape Coral, Fla.",Lehigh,2024
Chez Mellusi,1,RB,"5'11""",212 lbs,6th,"Naples, Fla.",Naples,2024
Ricardo Hallman,2,CB,"5'10""",185 lbs,R-Jr.,"Miami, Fla.",University School,2024
Trech Kekahuna,2,WR,"5'10""",187 lbs,R-Fr.,"Honolulu, Hawaii",Bishop Gorman,2024
Nyzier Fourqurean,3,CB,"6'1""",190 lbs,R-Sr.,"Mentor, Ohio",Mentor,2024
Tawee Walker,3,RB,"5'9""",218 lbs,Sr.,"North Las Vegas, Nev.",Centennial,2024
Tackett Curtis,4,LB,"6'2""",228 lbs,So.,"Many, La.",Many,2024
C.J. Williams,4,WR,"6'1""",196 lbs,Jr.,"Mission Viejo, Calif.",Mater Dei,2024
Quincy Burroughs,5,WR,"6'3""",212 lbs,R-So.,"Jacksonville, Fla.",Raines,2024
RJ Delancy III,5,CB,"5'11""",193 lbs,R-Sr.,"Miami, Fla.",Northwestern,2024
Xavier Lucas,6,CB,"6'2""",198 lbs,Fr.,"Pompano Beach, Fla.",American Heritage,2024
Will Pauling,6,WR,"5'10""",190 lbs,R-Jr.,"Chicago, Ill.",Homewood-Flossmoor,2024
Dilin Jones,7,RB,"6'0""",206 lbs,Fr.,"Laurel, Md.",Our Lady of Good Counsel,2024
Jaheim Thomas,7,LB,"6'4""",245 lbs,R-Sr.,"Cincinnati, Ohio",Princeton,2024
Vinny Anthony II,8,WR,"6'0""",188 lbs,Jr.,"Louisville, Ky.",Male,2024
Leon Lowery Jr.,8,OLB,"6'3""",252 lbs,R-Sr.,"Elizabeth, N.J.",North Brunswick,2024
Austin Brown,9,S,"6'1""",210 lbs,Jr.,"Johnston City, Ill.",Johnston City,2024
Bryson Green,9,WR,"6'3""",213 lbs,Sr.,"Allen, Texas",Allen,2024
Tyler Van Dyke,10,QB,"6'4""",225 lbs,R-Sr.,"Glastonbury, Conn.",Suffield Academy,2024
Omillio Agard,11,CB,"5'11""",180 lbs,Fr.,"Philadelphia, Pa.",St. Joseph's,2024
Mabrey Mettauer,11,QB,"6'4""",230 lbs,Fr.,"The Woodlands, Texas",The Woodlands,2024
Joseph Griffin Jr.,12,WR,"6'4""",208 lbs,Jr.,"Springfield, Mass.",Springfield Central,2024
Max Lofy,12,CB,"5'10""",188 lbs,R-Sr.,"Colorado Springs, Colo.",Pine Creek,2024
Darrion Dupree,13,RB,"5'10""",205 lbs,Fr.,"Chicago, Ill.",Mount Carmel,2024
Kamo'i Latu,13,S,"6'0""",208 lbs,Gr.,"Honolulu, Hawaii",Saint Louis School,2024
Tyrell Henry,14,WR,"6'0""",176 lbs,Jr.,"Roseville, Mich.",Roseville,2024
Preston Zachman,14,S,"6'1""",212 lbs,R-Sr.,"Elysburg, Pa.",Southern Columbia,2024
Sebastian Cheeks,15,LB,"6'3""",230 lbs,R-So.,"Skokie, Ill.",Evanston Township,2024
Amare Snowden,16,CB,"6'4""",210 lbs,R-Fr.,"Roseville, Mich.",Roseville,2024
Milos Spasojevic,16,QB,"6'4""",231 lbs,Fr.,"Minnetonka, Minn.",Minnetonka,2024
Cole LaCrue,17,QB,"6'1""",204 lbs,R-Fr.,"Broomfield, Colo.",Broomfield,2024
Darryl Peterson,17,OLB,"6'1""",248 lbs,R-Jr.,"Akron, Ohio",Archbishop Hoban,2024
Owen Arnett,18,S,"5'11""",210 lbs,R-Jr.,"Delafield, Wis.",Arrowhead,2024
Braedyn Locke,18,QB,"6'0""",205 lbs,R-So.,"Rockwall, Texas",Rockwall,2024
Thomas Heiberger,19,OLB,"6'4""",227 lbs,Fr.,"Sioux Falls, S.D.",Jefferson,2024
Langdon Nordgaard,19,WR,"6'3""",196 lbs,Fr.,"West De Pere, Wis.",West De Pere,2024
Braedyn Moore,20,S,"6'2""",204 lbs,R-Fr.,"Hamilton, Ohio",Stephen T. Badin,2024
Nate White,20,RB,"5'11""",182 lbs,R-Fr.,"Milwaukee, Wis.",Rufus King,2024
Jonas Duclona,21,CB,"5'11""",190 lbs,So.,"Naples, Fla.",Naples,2024
Cam Fane,21,WR,"6'1""",200 lbs,R-So.,"Arlington, Texas",Madison Edgewood (Wis.),2024
Jace Arnold,22,CB,"5'9""",185 lbs,R-Fr.,"Marietta, Ga.",Marietta,2024
Kyan Berry-Johnson,22,WR,"5'10""",180 lbs,Fr.,"Bolingbrook, Ill.",Bolingbrook,2024
Landon Gauthier,23,LB,"6'3""",235 lbs,Fr.,"Green Bay, Wis.",Bay Port,2024
Davion Thomas-Kumpula,23,WR,"5'11""",180 lbs,R-Fr.,"Racine, Wis.",Saint Catherine's,2024
Hunter Wohler,24,S,"6'2""",218 lbs,Sr.,"Muskego, Wis.",Muskego,2024
Justin Taylor,25,S,"6'0""",200 lbs,R-Fr.,"Broadview, Ill.",Nazareth Academy,2024
Cade Yacamelli,25,RB,"6'0""",215 lbs,R-So.,"Trafford, Pa.",Penn-Trafford,2024
Jay Harper,26,CB,"5'10""",176 lbs,Fr.,"Valley, Ala.",Valley,2024
Grady O'Neill,26,WR,"5'11""",165 lbs,R-So.,"Prior Lake, Minn.",St. Thomas Academy,2024
Haakon Anderson,27,WR,"6'1""",212 lbs,R-Sr.,"Verona, Wis.",Verona,2024
Raphael Dunn,27,S,"6'4""",207 lbs,Fr.,"Lawrenceville, N.J.",The Lawrenceville School,2024
Christian Alliegro,28,LB,"6'4""",240 lbs,So.,"Darien, Conn.",Avon Old Farms,2024
Gavin Meyers,28,P,"6'1""",198 lbs,R-Sr.,"Oshkosh, Wis.",Lourdes Academy,2024
Nate Van Zelst,29,K,"5'11""",190 lbs,R-Jr.,"Glenview, Ill.",Loyola Academy,2024
Alex Moeller,30,WR,"5'11""",175 lbs,R-Jr.,"Arlington Heights, Ill.",Prospect,2024
Angel Toombs,30,OLB,"6'5""",243 lbs,R-Fr.,"Milwaukee, Wis.",Rufus King,2024
Gideon Ituka,31,RB,"5'9""",232 lbs,Fr.,"Gaithersburg, Md.",Gaithersburg,2024
Jackson Acker,34,RB,"6'1""",245 lbs,R-Jr.,"Madison, Wis.",Verona,2024
Charlie Jarvis,34,S,"6'1""",207 lbs,R-So.,"Hartland, Wis.",Catholic Memorial,2024
Riley Nowakowski,37,TE,"6'1""",243 lbs,R-Sr.,"Milwaukee, Wis.",Marquette University HS,2024
Tucker Ashcraft,38,TE,"6'5""",255 lbs,So.,"Seattle, Wash.",O'Dea,2024
Mason Lane,38,S,"6'1""",205 lbs,Fr.,"Lodi, Wis.",Lodi,2024
JT Seagreaves,41,TE,"6'6""",254 lbs,R-So.,"Monroe, Wis.",Monroe,2024
Tyler Jansey,42,ILB,"6'0""",235 lbs,R-Fr.,"Batavia, Ill.",Batavia,2024
Grover Bortolotti,43,RB,"5'9""",192 lbs,R-Jr.,"Whitefish Bay, Wis.",Whitefish Bay,2024
Jackson Trudgeon,43,S,"6'1""",205 lbs,R-So.,"Fitchburg, Wis.",Madison Edgewood,2024
Zach Gloudeman,44,RB,"6'2""",230 lbs,R-So.,"Spring Green, Wis.",River Valley,2024
Garrison Solliday,45,LB,"5'11""",230 lbs,R-Jr.,"Eagan, Minn.",St. Thomas Academy,2024
Tamer Dalloul,46,OLB,"6'4""",226 lbs,Fr.,"Lincolnshire, Ill.",Stevenson,2024
Evan Van Dyn Hoven,47,LB,"6'3""",230 lbs,R-Fr.,"Menasha, Wis.",Menasha,2024
Atticus Bertrams,49,P,"6'3""",225 lbs,So.,"Sydney, Australia",Newington College,2024
Ryan Cory,50,OL,"6'4""",295 lbs,Fr.,"Gibsonia, Pa.",Pine-Richard,2024
Anelu Lafaele,51,OLB,"6'2""",237 lbs,Fr.,"Kalihi, Hawaii",Farrington,2024
Deed Capper,54,LS,"6'2""",227 lbs,Fr.,"Mequon, Wis.",Homestead,2024
Drew Braam,55,LB,"6'1""",213 lbs,Fr.,"Oak Creek, Wis.",Oak Creek,2024
Kevin Heywood,55,OL,"6'8""",325 lbs,Fr.,"Limerick, Pa.",Pope John Paul II,2024
Joe Brunner,56,OL,"6'5""",313 lbs,R-So.,"Whitefish Bay, Wis.",Whitefish Bay,2024
Cody Raymond,56,"Outside Linebacker
															                            

																                            OLB","6'4""",230 lbs,Fr.,"Shelby, Mich.",Eisenhower,2024
Jake Renfro,57,OL,"6'4""",302 lbs,R-Sr.,"Mokena, Ill.",Providence Catholic,2024
Manny Mullens,58,OL,"6'2""",290 lbs,R-Jr.,"Columbus, Ohio",Harvest Preparatory,2024
Aaron Witt,59,OLB,"6'6""",247 lbs,R-Jr.,"Winona, Minn.",Winona,2024
Joe Huber,60,OL,"6'5""",310 lbs,R-Sr.,"Dublin, Ohio",Jerome,2024
Hank Weber,60,DL,"6'3""",263 lbs,Fr.,"Franklin, Tenn.",Brentwood Academy,2024
Joey Okla,61,OL,"6'2""",314 lbs,R-So.,"Hartford, Wis.",Arrowhead,2024
Evan Brown,64,OL,"6'2""",287 lbs,R-Fr.,"Tallahassee, Fla.",Maclay,2024
Duncan McKinley,64,LS,"6'2""",222 lbs,R-Sr.,"Eau Claire, Wis.",Memorial,2024
James Durand,65,OL,"6'5""",305 lbs,R-Fr.,"Gilbert, Ariz.",Basha,2024
Leyton Nelson,66,OL,"6'6""",311 lbs,Jr.,"Orlando, Fla.",Boone,2024
JP Benzschawel,67,OL,"6'6""",312 lbs,R-Jr.,"Grafton, Wis.",Grafton,2024
Ben Barten,68,DL,"6'5""",308 lbs,R-Sr.,"Stratford, Wis.",Stratford,2024
Barrett Nelson,70,OL,"6'6""",302 lbs,R-So.,"Stoughton, Wis.",Stoughton,2024
Riley Mahlman,71,OL,"6'8""",308 lbs,R-Jr.,"Lakeville, Minn.",South,2024
Kerry Kodanko,73,OL,"6'2""",308 lbs,R-Sr.,"Green Bay, Wis.",West DePere,2024
Derek Jensen,74,OL,"6'6""",314 lbs,Fr.,"Hartland, Wis.",Arrowhead,2024
Emerson Mandell,75,OL,"6'5""",310 lbs,Fr.,"Moundsview, Minn.",Irondale,2024
John Clifford,76,OL,"6'5""",305 lbs,R-So.,"Watertown, Wis.",Watertown,2024
Dillan Johnson,76,DL,"6'2""",293 lbs,Fr.,"Plainfield, Ill.",Joliet Catholic,2024
Peyton Lange,77,OL,"6'9""",355 lbs,R-Fr.,"Minneapolis, Minn.",Minnehaha Academy,2024
Will McDonald,77,DL,"6'4""",275 lbs,R-Fr.,"Houlton, Wis.",Hudson,2024
Colin Cubberly,78,OL,"6'6""",318 lbs,Fr.,"Lagrangeville, N.Y.",Arlington,2024
Jack Nelson,79,OL,"6'7""",316 lbs,R-Sr.,"Stoughton, Wis.",Stoughton,2024
Chris Brooks Jr.,84,WR,"6'2""",218 lbs,R-So.,"St. Louis, Mo.",St. Louis University School,2024
Grant Stec,85,TE,"6'6""",255 lbs,Fr.,"Sleepy Hollow, Ill.",Henry Jacobs,2024
Nolan Vils,85,DL,"6'2""",287 lbs,R-Fr.,"Prairie Du Sac, Wis.",Sauk Prairie,2024
Jackson McGohan,87,TE,"6'3""",225 lbs,So.,"Miamisburg, Ohio",Miamisburg,2024
Rob Booker II,89,TE,"6'5""",240 lbs,Fr.,"Waunakee, Wis.",Waunakee,2024
James Thompson Jr.,90,DL,"6'5""",295 lbs,R-Sr.,"Cincinnati, Ohio",Roger Bacon,2024
Nathanial Vakos,90,K,"6'1""",205 lbs,Jr.,"Avon, Ohio",Avon,2024
Jamel Howard,91,DL,"6'2""",310 lbs,R-Fr.,"Chicago, Ill.",Marist,2024
Sean West,91,K,"6'2""",186 lbs,Fr.,"Mequon, Wis.",Homestead,2024
Curt Neal,92,DL,"6'0""",290 lbs,R-So.,"Cornelius, N.C.",William A. Hough,2024
Ernest Willor Jr.,93,DL,"6'4""",267 lbs,Fr.,"Baltimore, Md.",Concordia Prep,2024
Elijah Hills,94,DL,"6'3""",282 lbs,Sr.,"Rockaway, N.J.",Delbarton School,2024
Brandon Lane,95,DL,"6'3""",312 lbs,R-Jr.,"Kansas City, Mo.",St. Michael The Archangel H.S.,2024
Cade McDonald,96,DL,"6'6""",285 lbs,R-Sr.,"Houlton, Wis.",Hudson,2024
Gavin Lahm,97,K,"6'0""",213 lbs,Jr.,"Kaukauna, Wis.",Kaukauna,2024
Gianni Smith,98,K,"6'1""",205 lbs,Sr.,"Oak Park, Calif.",Oak Park,2024
Cayson Pfeiffer,99,LS,"6'0""",205 lbs,6th,"Columbus, Ohio",Dublin Scioto,2024
